acquisition_date,analysis_revision_id,channel_id,condition,excluded,exclusion_reason,experimental_unit,field_id,gate_selected,mask_revision_id,missing_reason,observation_id,pair,region_id,region_set_id,sample,value
,48f28df6-2eab-490b-acf4-1fc858a43c63,,,False,,,2bb20688-0253-40f7-9fe1-85a249b4cb8c,True,18a96259-4deb-4bcd-8f1c-a6c34337cde5,,"[""2bb20688-0253-40f7-9fe1-85a249b4cb8c"",""regions"",1]",,1,regions,,109.0
,48f28df6-2eab-490b-acf4-1fc858a43c63,,,False,,,2bb20688-0253-40f7-9fe1-85a249b4cb8c,True,18a96259-4deb-4bcd-8f1c-a6c34337cde5,,"[""2bb20688-0253-40f7-9fe1-85a249b4cb8c"",""regions"",2]",,2,regions,,379.0
,48f28df6-2eab-490b-acf4-1fc858a43c63,,,False,,,2bb20688-0253-40f7-9fe1-85a249b4cb8c,True,18a96259-4deb-4bcd-8f1c-a6c34337cde5,,"[""2bb20688-0253-40f7-9fe1-85a249b4cb8c"",""regions"",3]",,3,regions,,171.0
,48f28df6-2eab-490b-acf4-1fc858a43c63,,,False,,,2bb20688-0253-40f7-9fe1-85a249b4cb8c,True,18a96259-4deb-4bcd-8f1c-a6c34337cde5,,"[""2bb20688-0253-40f7-9fe1-85a249b4cb8c"",""regions"",4]",,4,regions,,150.0
,48f28df6-2eab-490b-acf4-1fc858a43c63,,,False,,,2bb20688-0253-40f7-9fe1-85a249b4cb8c,True,18a96259-4deb-4bcd-8f1c-a6c34337cde5,,"[""2bb20688-0253-40f7-9fe1-85a249b4cb8c"",""regions"",5]",,5,regions,,196.0
,48f28df6-2eab-490b-acf4-1fc858a43c63,,,False,,,2bb20688-0253-40f7-9fe1-85a249b4cb8c,True,18a96259-4deb-4bcd-8f1c-a6c34337cde5,,"[""2bb20688-0253-40f7-9fe1-85a249b4cb8c"",""regions"",6]",,6,regions,,292.0
,48f28df6-2eab-490b-acf4-1fc858a43c63,,,False,,,2bb20688-0253-40f7-9fe1-85a249b4cb8c,True,18a96259-4deb-4bcd-8f1c-a6c34337cde5,,"[""2bb20688-0253-40f7-9fe1-85a249b4cb8c"",""regions"",7]",,7,regions,,204.0
,48f28df6-2eab-490b-acf4-1fc858a43c63,,,False,,,2bb20688-0253-40f7-9fe1-85a249b4cb8c,True,18a96259-4deb-4bcd-8f1c-a6c34337cde5,,"[""2bb20688-0253-40f7-9fe1-85a249b4cb8c"",""regions"",8]",,8,regions,,161.0
,48f28df6-2eab-490b-acf4-1fc858a43c63,,,False,,,2bb20688-0253-40f7-9fe1-85a249b4cb8c,True,18a96259-4deb-4bcd-8f1c-a6c34337cde5,,"[""2bb20688-0253-40f7-9fe1-85a249b4cb8c"",""regions"",9]",,9,regions,,167.0
,48f28df6-2eab-490b-acf4-1fc858a43c63,,,False,,,2bb20688-0253-40f7-9fe1-85a249b4cb8c,True,18a96259-4deb-4bcd-8f1c-a6c34337cde5,,"[""2bb20688-0253-40f7-9fe1-85a249b4cb8c"",""regions"",10]",,10,regions,,127.0
,48f28df6-2eab-490b-acf4-1fc858a43c63,,,False,,,2bb20688-0253-40f7-9fe1-85a249b4cb8c,True,18a96259-4deb-4bcd-8f1c-a6c34337cde5,,"[""2bb20688-0253-40f7-9fe1-85a249b4cb8c"",""regions"",11]",,11,regions,,207.0
,48f28df6-2eab-490b-acf4-1fc858a43c63,,,False,,,2bb20688-0253-40f7-9fe1-85a249b4cb8c,True,18a96259-4deb-4bcd-8f1c-a6c34337cde5,,"[""2bb20688-0253-40f7-9fe1-85a249b4cb8c"",""regions"",12]",,12,regions,,145.0
,48f28df6-2eab-490b-acf4-1fc858a43c63,,,False,,,2bb20688-0253-40f7-9fe1-85a249b4cb8c,True,18a96259-4deb-4bcd-8f1c-a6c34337cde5,,"[""2bb20688-0253-40f7-9fe1-85a249b4cb8c"",""regions"",13]",,13,regions,,101.0
,48f28df6-2eab-490b-acf4-1fc858a43c63,,,False,,,2bb20688-0253-40f7-9fe1-85a249b4cb8c,True,18a96259-4deb-4bcd-8f1c-a6c34337cde5,,"[""2bb20688-0253-40f7-9fe1-85a249b4cb8c"",""regions"",14]",,14,regions,,166.0
,48f28df6-2eab-490b-acf4-1fc858a43c63,,,False,,,2bb20688-0253-40f7-9fe1-85a249b4cb8c,True,18a96259-4deb-4bcd-8f1c-a6c34337cde5,,"[""2bb20688-0253-40f7-9fe1-85a249b4cb8c"",""regions"",15]",,15,regions,,149.0
,48f28df6-2eab-490b-acf4-1fc858a43c63,,,False,,,2bb20688-0253-40f7-9fe1-85a249b4cb8c,True,18a96259-4deb-4bcd-8f1c-a6c34337cde5,,"[""2bb20688-0253-40f7-9fe1-85a249b4cb8c"",""regions"",16]",,16,regions,,183.0
,48f28df6-2eab-490b-acf4-1fc858a43c63,,,False,,,2bb20688-0253-40f7-9fe1-85a249b4cb8c,True,18a96259-4deb-4bcd-8f1c-a6c34337cde5,,"[""2bb20688-0253-40f7-9fe1-85a249b4cb8c"",""regions"",17]",,17,regions,,133.0
,48f28df6-2eab-490b-acf4-1fc858a43c63,,,False,,,2bb20688-0253-40f7-9fe1-85a249b4cb8c,True,18a96259-4deb-4bcd-8f1c-a6c34337cde5,,"[""2bb20688-0253-40f7-9fe1-85a249b4cb8c"",""regions"",18]",,18,regions,,173.0
,48f28df6-2eab-490b-acf4-1fc858a43c63,,,False,,,2bb20688-0253-40f7-9fe1-85a249b4cb8c,True,18a96259-4deb-4bcd-8f1c-a6c34337cde5,,"[""2bb20688-0253-40f7-9fe1-85a249b4cb8c"",""regions"",19]",,19,regions,,236.0
,48f28df6-2eab-490b-acf4-1fc858a43c63,,,False,,,2bb20688-0253-40f7-9fe1-85a249b4cb8c,True,18a96259-4deb-4bcd-8f1c-a6c34337cde5,,"[""2bb20688-0253-40f7-9fe1-85a249b4cb8c"",""regions"",20]",,20,regions,,144.0
,48f28df6-2eab-490b-acf4-1fc858a43c63,,,False,,,2bb20688-0253-40f7-9fe1-85a249b4cb8c,True,18a96259-4deb-4bcd-8f1c-a6c34337cde5,,"[""2bb20688-0253-40f7-9fe1-85a249b4cb8c"",""regions"",21]",,21,regions,,172.0
,48f28df6-2eab-490b-acf4-1fc858a43c63,,,False,,,2bb20688-0253-40f7-9fe1-85a249b4cb8c,True,18a96259-4deb-4bcd-8f1c-a6c34337cde5,,"[""2bb20688-0253-40f7-9fe1-85a249b4cb8c"",""regions"",22]",,22,regions,,280.0
,48f28df6-2eab-490b-acf4-1fc858a43c63,,,False,,,2bb20688-0253-40f7-9fe1-85a249b4cb8c,True,18a96259-4deb-4bcd-8f1c-a6c34337cde5,,"[""2bb20688-0253-40f7-9fe1-85a249b4cb8c"",""regions"",23]",,23,regions,,195.0
,48f28df6-2eab-490b-acf4-1fc858a43c63,,,False,,,2bb20688-0253-40f7-9fe1-85a249b4cb8c,True,18a96259-4deb-4bcd-8f1c-a6c34337cde5,,"[""2bb20688-0253-40f7-9fe1-85a249b4cb8c"",""regions"",24]",,24,regions,,187.0
,48f28df6-2eab-490b-acf4-1fc858a43c63,,,False,,,2bb20688-0253-40f7-9fe1-85a249b4cb8c,True,18a96259-4deb-4bcd-8f1c-a6c34337cde5,,"[""2bb20688-0253-40f7-9fe1-85a249b4cb8c"",""regions"",25]",,25,regions,,211.0
,48f28df6-2eab-490b-acf4-1fc858a43c63,,,False,,,2bb20688-0253-40f7-9fe1-85a249b4cb8c,True,18a96259-4deb-4bcd-8f1c-a6c34337cde5,,"[""2bb20688-0253-40f7-9fe1-85a249b4cb8c"",""regions"",26]",,26,regions,,129.0
,48f28df6-2eab-490b-acf4-1fc858a43c63,,,False,,,2bb20688-0253-40f7-9fe1-85a249b4cb8c,True,18a96259-4deb-4bcd-8f1c-a6c34337cde5,,"[""2bb20688-0253-40f7-9fe1-85a249b4cb8c"",""regions"",27]",,27,regions,,172.0
,48f28df6-2eab-490b-acf4-1fc858a43c63,,,False,,,2bb20688-0253-40f7-9fe1-85a249b4cb8c,True,18a96259-4deb-4bcd-8f1c-a6c34337cde5,,"[""2bb20688-0253-40f7-9fe1-85a249b4cb8c"",""regions"",28]",,28,regions,,196.0
,48f28df6-2eab-490b-acf4-1fc858a43c63,,,False,,,2bb20688-0253-40f7-9fe1-85a249b4cb8c,True,18a96259-4deb-4bcd-8f1c-a6c34337cde5,,"[""2bb20688-0253-40f7-9fe1-85a249b4cb8c"",""regions"",29]",,29,regions,,154.0
,48f28df6-2eab-490b-acf4-1fc858a43c63,,,False,,,2bb20688-0253-40f7-9fe1-85a249b4cb8c,True,18a96259-4deb-4bcd-8f1c-a6c34337cde5,,"[""2bb20688-0253-40f7-9fe1-85a249b4cb8c"",""regions"",30]",,30,regions,,156.0
,48f28df6-2eab-490b-acf4-1fc858a43c63,,,False,,,2bb20688-0253-40f7-9fe1-85a249b4cb8c,True,18a96259-4deb-4bcd-8f1c-a6c34337cde5,,"[""2bb20688-0253-40f7-9fe1-85a249b4cb8c"",""regions"",31]",,31,regions,,332.0
,48f28df6-2eab-490b-acf4-1fc858a43c63,,,False,,,2bb20688-0253-40f7-9fe1-85a249b4cb8c,True,18a96259-4deb-4bcd-8f1c-a6c34337cde5,,"[""2bb20688-0253-40f7-9fe1-85a249b4cb8c"",""regions"",32]",,32,regions,,178.0
,48f28df6-2eab-490b-acf4-1fc858a43c63,,,False,,,2bb20688-0253-40f7-9fe1-85a249b4cb8c,True,18a96259-4deb-4bcd-8f1c-a6c34337cde5,,"[""2bb20688-0253-40f7-9fe1-85a249b4cb8c"",""regions"",33]",,33,regions,,160.0
,48f28df6-2eab-490b-acf4-1fc858a43c63,,,False,,,2bb20688-0253-40f7-9fe1-85a249b4cb8c,True,18a96259-4deb-4bcd-8f1c-a6c34337cde5,,"[""2bb20688-0253-40f7-9fe1-85a249b4cb8c"",""regions"",34]",,34,regions,,167.0
,48f28df6-2eab-490b-acf4-1fc858a43c63,,,False,,,2bb20688-0253-40f7-9fe1-85a249b4cb8c,True,18a96259-4deb-4bcd-8f1c-a6c34337cde5,,"[""2bb20688-0253-40f7-9fe1-85a249b4cb8c"",""regions"",35]",,35,regions,,119.0
,48f28df6-2eab-490b-acf4-1fc858a43c63,,,False,,,2bb20688-0253-40f7-9fe1-85a249b4cb8c,True,18a96259-4deb-4bcd-8f1c-a6c34337cde5,,"[""2bb20688-0253-40f7-9fe1-85a249b4cb8c"",""regions"",36]",,36,regions,,188.0
,48f28df6-2eab-490b-acf4-1fc858a43c63,,,False,,,2bb20688-0253-40f7-9fe1-85a249b4cb8c,True,18a96259-4deb-4bcd-8f1c-a6c34337cde5,,"[""2bb20688-0253-40f7-9fe1-85a249b4cb8c"",""regions"",37]",,37,regions,,197.0
,48f28df6-2eab-490b-acf4-1fc858a43c63,,,False,,,2bb20688-0253-40f7-9fe1-85a249b4cb8c,True,18a96259-4deb-4bcd-8f1c-a6c34337cde5,,"[""2bb20688-0253-40f7-9fe1-85a249b4cb8c"",""regions"",38]",,38,regions,,255.0
,48f28df6-2eab-490b-acf4-1fc858a43c63,,,False,,,2bb20688-0253-40f7-9fe1-85a249b4cb8c,True,18a96259-4deb-4bcd-8f1c-a6c34337cde5,,"[""2bb20688-0253-40f7-9fe1-85a249b4cb8c"",""regions"",39]",,39,regions,,158.0
,48f28df6-2eab-490b-acf4-1fc858a43c63,,,False,,,2bb20688-0253-40f7-9fe1-85a249b4cb8c,True,18a96259-4deb-4bcd-8f1c-a6c34337cde5,,"[""2bb20688-0253-40f7-9fe1-85a249b4cb8c"",""regions"",40]",,40,regions,,160.0
,48f28df6-2eab-490b-acf4-1fc858a43c63,,,False,,,2bb20688-0253-40f7-9fe1-85a249b4cb8c,True,18a96259-4deb-4bcd-8f1c-a6c34337cde5,,"[""2bb20688-0253-40f7-9fe1-85a249b4cb8c"",""regions"",41]",,41,regions,,163.0
,48f28df6-2eab-490b-acf4-1fc858a43c63,,,False,,,2bb20688-0253-40f7-9fe1-85a249b4cb8c,True,18a96259-4deb-4bcd-8f1c-a6c34337cde5,,"[""2bb20688-0253-40f7-9fe1-85a249b4cb8c"",""regions"",42]",,42,regions,,201.0
,48f28df6-2eab-490b-acf4-1fc858a43c63,,,False,,,2bb20688-0253-40f7-9fe1-85a249b4cb8c,True,18a96259-4deb-4bcd-8f1c-a6c34337cde5,,"[""2bb20688-0253-40f7-9fe1-85a249b4cb8c"",""regions"",43]",,43,regions,,96.0
,48f28df6-2eab-490b-acf4-1fc858a43c63,,,False,,,2bb20688-0253-40f7-9fe1-85a249b4cb8c,True,18a96259-4deb-4bcd-8f1c-a6c34337cde5,,"[""2bb20688-0253-40f7-9fe1-85a249b4cb8c"",""regions"",44]",,44,regions,,182.0
,48f28df6-2eab-490b-acf4-1fc858a43c63,,,False,,,2bb20688-0253-40f7-9fe1-85a249b4cb8c,True,18a96259-4deb-4bcd-8f1c-a6c34337cde5,,"[""2bb20688-0253-40f7-9fe1-85a249b4cb8c"",""regions"",45]",,45,regions,,297.0
,48f28df6-2eab-490b-acf4-1fc858a43c63,,,False,,,2bb20688-0253-40f7-9fe1-85a249b4cb8c,True,18a96259-4deb-4bcd-8f1c-a6c34337cde5,,"[""2bb20688-0253-40f7-9fe1-85a249b4cb8c"",""regions"",46]",,46,regions,,171.0
,48f28df6-2eab-490b-acf4-1fc858a43c63,,,False,,,2bb20688-0253-40f7-9fe1-85a249b4cb8c,True,18a96259-4deb-4bcd-8f1c-a6c34337cde5,,"[""2bb20688-0253-40f7-9fe1-85a249b4cb8c"",""regions"",47]",,47,regions,,197.0
,48f28df6-2eab-490b-acf4-1fc858a43c63,,,False,,,2bb20688-0253-40f7-9fe1-85a249b4cb8c,True,18a96259-4deb-4bcd-8f1c-a6c34337cde5,,"[""2bb20688-0253-40f7-9fe1-85a249b4cb8c"",""regions"",48]",,48,regions,,251.0
,48f28df6-2eab-490b-acf4-1fc858a43c63,,,False,,,2bb20688-0253-40f7-9fe1-85a249b4cb8c,True,18a96259-4deb-4bcd-8f1c-a6c34337cde5,,"[""2bb20688-0253-40f7-9fe1-85a249b4cb8c"",""regions"",49]",,49,regions,,197.0
,48f28df6-2eab-490b-acf4-1fc858a43c63,,,False,,,2bb20688-0253-40f7-9fe1-85a249b4cb8c,True,18a96259-4deb-4bcd-8f1c-a6c34337cde5,,"[""2bb20688-0253-40f7-9fe1-85a249b4cb8c"",""regions"",50]",,50,regions,,226.0
,48f28df6-2eab-490b-acf4-1fc858a43c63,,,False,,,2bb20688-0253-40f7-9fe1-85a249b4cb8c,True,18a96259-4deb-4bcd-8f1c-a6c34337cde5,,"[""2bb20688-0253-40f7-9fe1-85a249b4cb8c"",""regions"",51]",,51,regions,,154.0
,48f28df6-2eab-490b-acf4-1fc858a43c63,,,False,,,2bb20688-0253-40f7-9fe1-85a249b4cb8c,True,18a96259-4deb-4bcd-8f1c-a6c34337cde5,,"[""2bb20688-0253-40f7-9fe1-85a249b4cb8c"",""regions"",52]",,52,regions,,153.0
,48f28df6-2eab-490b-acf4-1fc858a43c63,,,False,,,2bb20688-0253-40f7-9fe1-85a249b4cb8c,True,18a96259-4deb-4bcd-8f1c-a6c34337cde5,,"[""2bb20688-0253-40f7-9fe1-85a249b4cb8c"",""regions"",53]",,53,regions,,202.0
,48f28df6-2eab-490b-acf4-1fc858a43c63,,,False,,,2bb20688-0253-40f7-9fe1-85a249b4cb8c,True,18a96259-4deb-4bcd-8f1c-a6c34337cde5,,"[""2bb20688-0253-40f7-9fe1-85a249b4cb8c"",""regions"",54]",,54,regions,,253.0
,48f28df6-2eab-490b-acf4-1fc858a43c63,,,False,,,2bb20688-0253-40f7-9fe1-85a249b4cb8c,True,18a96259-4deb-4bcd-8f1c-a6c34337cde5,,"[""2bb20688-0253-40f7-9fe1-85a249b4cb8c"",""regions"",55]",,55,regions,,186.0
,48f28df6-2eab-490b-acf4-1fc858a43c63,,,False,,,2bb20688-0253-40f7-9fe1-85a249b4cb8c,True,18a96259-4deb-4bcd-8f1c-a6c34337cde5,,"[""2bb20688-0253-40f7-9fe1-85a249b4cb8c"",""regions"",56]",,56,regions,,159.0
,48f28df6-2eab-490b-acf4-1fc858a43c63,,,False,,,2bb20688-0253-40f7-9fe1-85a249b4cb8c,True,18a96259-4deb-4bcd-8f1c-a6c34337cde5,,"[""2bb20688-0253-40f7-9fe1-85a249b4cb8c"",""regions"",57]",,57,regions,,187.0
,48f28df6-2eab-490b-acf4-1fc858a43c63,,,False,,,2bb20688-0253-40f7-9fe1-85a249b4cb8c,True,18a96259-4deb-4bcd-8f1c-a6c34337cde5,,"[""2bb20688-0253-40f7-9fe1-85a249b4cb8c"",""regions"",58]",,58,regions,,238.0
,48f28df6-2eab-490b-acf4-1fc858a43c63,,,False,,,2bb20688-0253-40f7-9fe1-85a249b4cb8c,True,18a96259-4deb-4bcd-8f1c-a6c34337cde5,,"[""2bb20688-0253-40f7-9fe1-85a249b4cb8c"",""regions"",59]",,59,regions,,185.0
,48f28df6-2eab-490b-acf4-1fc858a43c63,,,False,,,2bb20688-0253-40f7-9fe1-85a249b4cb8c,True,18a96259-4deb-4bcd-8f1c-a6c34337cde5,,"[""2bb20688-0253-40f7-9fe1-85a249b4cb8c"",""regions"",60]",,60,regions,,163.0
,48f28df6-2eab-490b-acf4-1fc858a43c63,,,False,,,2bb20688-0253-40f7-9fe1-85a249b4cb8c,True,18a96259-4deb-4bcd-8f1c-a6c34337cde5,,"[""2bb20688-0253-40f7-9fe1-85a249b4cb8c"",""regions"",61]",,61,regions,,193.0
,48f28df6-2eab-490b-acf4-1fc858a43c63,,,False,,,2bb20688-0253-40f7-9fe1-85a249b4cb8c,True,18a96259-4deb-4bcd-8f1c-a6c34337cde5,,"[""2bb20688-0253-40f7-9fe1-85a249b4cb8c"",""regions"",62]",,62,regions,,179.0
,48f28df6-2eab-490b-acf4-1fc858a43c63,,,False,,,2bb20688-0253-40f7-9fe1-85a249b4cb8c,True,18a96259-4deb-4bcd-8f1c-a6c34337cde5,,"[""2bb20688-0253-40f7-9fe1-85a249b4cb8c"",""regions"",63]",,63,regions,,172.0
,48f28df6-2eab-490b-acf4-1fc858a43c63,,,False,,,2bb20688-0253-40f7-9fe1-85a249b4cb8c,True,18a96259-4deb-4bcd-8f1c-a6c34337cde5,,"[""2bb20688-0253-40f7-9fe1-85a249b4cb8c"",""regions"",64]",,64,regions,,154.0
,48f28df6-2eab-490b-acf4-1fc858a43c63,,,False,,,2bb20688-0253-40f7-9fe1-85a249b4cb8c,True,18a96259-4deb-4bcd-8f1c-a6c34337cde5,,"[""2bb20688-0253-40f7-9fe1-85a249b4cb8c"",""regions"",65]",,65,regions,,180.0
,48f28df6-2eab-490b-acf4-1fc858a43c63,,,False,,,2bb20688-0253-40f7-9fe1-85a249b4cb8c,True,18a96259-4deb-4bcd-8f1c-a6c34337cde5,,"[""2bb20688-0253-40f7-9fe1-85a249b4cb8c"",""regions"",66]",,66,regions,,232.0
,48f28df6-2eab-490b-acf4-1fc858a43c63,,,False,,,2bb20688-0253-40f7-9fe1-85a249b4cb8c,True,18a96259-4deb-4bcd-8f1c-a6c34337cde5,,"[""2bb20688-0253-40f7-9fe1-85a249b4cb8c"",""regions"",67]",,67,regions,,208.0
,48f28df6-2eab-490b-acf4-1fc858a43c63,,,False,,,2bb20688-0253-40f7-9fe1-85a249b4cb8c,True,18a96259-4deb-4bcd-8f1c-a6c34337cde5,,"[""2bb20688-0253-40f7-9fe1-85a249b4cb8c"",""regions"",68]",,68,regions,,152.0
,48f28df6-2eab-490b-acf4-1fc858a43c63,,,False,,,2bb20688-0253-40f7-9fe1-85a249b4cb8c,True,18a96259-4deb-4bcd-8f1c-a6c34337cde5,,"[""2bb20688-0253-40f7-9fe1-85a249b4cb8c"",""regions"",69]",,69,regions,,208.0
,48f28df6-2eab-490b-acf4-1fc858a43c63,,,False,,,2bb20688-0253-40f7-9fe1-85a249b4cb8c,True,18a96259-4deb-4bcd-8f1c-a6c34337cde5,,"[""2bb20688-0253-40f7-9fe1-85a249b4cb8c"",""regions"",70]",,70,regions,,150.0
,48f28df6-2eab-490b-acf4-1fc858a43c63,,,False,,,2bb20688-0253-40f7-9fe1-85a249b4cb8c,True,18a96259-4deb-4bcd-8f1c-a6c34337cde5,,"[""2bb20688-0253-40f7-9fe1-85a249b4cb8c"",""regions"",71]",,71,regions,,120.0
,48f28df6-2eab-490b-acf4-1fc858a43c63,,,False,,,2bb20688-0253-40f7-9fe1-85a249b4cb8c,True,18a96259-4deb-4bcd-8f1c-a6c34337cde5,,"[""2bb20688-0253-40f7-9fe1-85a249b4cb8c"",""regions"",72]",,72,regions,,197.0
,48f28df6-2eab-490b-acf4-1fc858a43c63,,,False,,,2bb20688-0253-40f7-9fe1-85a249b4cb8c,True,18a96259-4deb-4bcd-8f1c-a6c34337cde5,,"[""2bb20688-0253-40f7-9fe1-85a249b4cb8c"",""regions"",73]",,73,regions,,172.0
,48f28df6-2eab-490b-acf4-1fc858a43c63,,,False,,,2bb20688-0253-40f7-9fe1-85a249b4cb8c,True,18a96259-4deb-4bcd-8f1c-a6c34337cde5,,"[""2bb20688-0253-40f7-9fe1-85a249b4cb8c"",""regions"",74]",,74,regions,,178.0
,48f28df6-2eab-490b-acf4-1fc858a43c63,,,False,,,2bb20688-0253-40f7-9fe1-85a249b4cb8c,True,18a96259-4deb-4bcd-8f1c-a6c34337cde5,,"[""2bb20688-0253-40f7-9fe1-85a249b4cb8c"",""regions"",75]",,75,regions,,248.0
,48f28df6-2eab-490b-acf4-1fc858a43c63,,,False,,,2bb20688-0253-40f7-9fe1-85a249b4cb8c,True,18a96259-4deb-4bcd-8f1c-a6c34337cde5,,"[""2bb20688-0253-40f7-9fe1-85a249b4cb8c"",""regions"",76]",,76,regions,,155.0
,48f28df6-2eab-490b-acf4-1fc858a43c63,,,False,,,2bb20688-0253-40f7-9fe1-85a249b4cb8c,True,18a96259-4deb-4bcd-8f1c-a6c34337cde5,,"[""2bb20688-0253-40f7-9fe1-85a249b4cb8c"",""regions"",77]",,77,regions,,153.0
,48f28df6-2eab-490b-acf4-1fc858a43c63,,,False,,,2bb20688-0253-40f7-9fe1-85a249b4cb8c,True,18a96259-4deb-4bcd-8f1c-a6c34337cde5,,"[""2bb20688-0253-40f7-9fe1-85a249b4cb8c"",""regions"",78]",,78,regions,,100.0
,48f28df6-2eab-490b-acf4-1fc858a43c63,,,False,,,2bb20688-0253-40f7-9fe1-85a249b4cb8c,True,18a96259-4deb-4bcd-8f1c-a6c34337cde5,,"[""2bb20688-0253-40f7-9fe1-85a249b4cb8c"",""regions"",79]",,79,regions,,163.0
,48f28df6-2eab-490b-acf4-1fc858a43c63,,,False,,,2bb20688-0253-40f7-9fe1-85a249b4cb8c,True,18a96259-4deb-4bcd-8f1c-a6c34337cde5,,"[""2bb20688-0253-40f7-9fe1-85a249b4cb8c"",""regions"",80]",,80,regions,,181.0
,48f28df6-2eab-490b-acf4-1fc858a43c63,,,False,,,2bb20688-0253-40f7-9fe1-85a249b4cb8c,True,18a96259-4deb-4bcd-8f1c-a6c34337cde5,,"[""2bb20688-0253-40f7-9fe1-85a249b4cb8c"",""regions"",81]",,81,regions,,174.0
,48f28df6-2eab-490b-acf4-1fc858a43c63,,,False,,,2bb20688-0253-40f7-9fe1-85a249b4cb8c,True,18a96259-4deb-4bcd-8f1c-a6c34337cde5,,"[""2bb20688-0253-40f7-9fe1-85a249b4cb8c"",""regions"",82]",,82,regions,,175.0
,48f28df6-2eab-490b-acf4-1fc858a43c63,,,False,,,2bb20688-0253-40f7-9fe1-85a249b4cb8c,True,18a96259-4deb-4bcd-8f1c-a6c34337cde5,,"[""2bb20688-0253-40f7-9fe1-85a249b4cb8c"",""regions"",83]",,83,regions,,151.0
,48f28df6-2eab-490b-acf4-1fc858a43c63,,,False,,,2bb20688-0253-40f7-9fe1-85a249b4cb8c,True,18a96259-4deb-4bcd-8f1c-a6c34337cde5,,"[""2bb20688-0253-40f7-9fe1-85a249b4cb8c"",""regions"",84]",,84,regions,,259.0
,48f28df6-2eab-490b-acf4-1fc858a43c63,,,False,,,2bb20688-0253-40f7-9fe1-85a249b4cb8c,True,18a96259-4deb-4bcd-8f1c-a6c34337cde5,,"[""2bb20688-0253-40f7-9fe1-85a249b4cb8c"",""regions"",85]",,85,regions,,209.0
,48f28df6-2eab-490b-acf4-1fc858a43c63,,,False,,,2bb20688-0253-40f7-9fe1-85a249b4cb8c,True,18a96259-4deb-4bcd-8f1c-a6c34337cde5,,"[""2bb20688-0253-40f7-9fe1-85a249b4cb8c"",""regions"",86]",,86,regions,,210.0
,48f28df6-2eab-490b-acf4-1fc858a43c63,,,False,,,2bb20688-0253-40f7-9fe1-85a249b4cb8c,True,18a96259-4deb-4bcd-8f1c-a6c34337cde5,,"[""2bb20688-0253-40f7-9fe1-85a249b4cb8c"",""regions"",87]",,87,regions,,265.0
,48f28df6-2eab-490b-acf4-1fc858a43c63,,,False,,,2bb20688-0253-40f7-9fe1-85a249b4cb8c,True,18a96259-4deb-4bcd-8f1c-a6c34337cde5,,"[""2bb20688-0253-40f7-9fe1-85a249b4cb8c"",""regions"",88]",,88,regions,,176.0
,48f28df6-2eab-490b-acf4-1fc858a43c63,,,False,,,2bb20688-0253-40f7-9fe1-85a249b4cb8c,True,18a96259-4deb-4bcd-8f1c-a6c34337cde5,,"[""2bb20688-0253-40f7-9fe1-85a249b4cb8c"",""regions"",89]",,89,regions,,205.0
,48f28df6-2eab-490b-acf4-1fc858a43c63,,,False,,,2bb20688-0253-40f7-9fe1-85a249b4cb8c,True,18a96259-4deb-4bcd-8f1c-a6c34337cde5,,"[""2bb20688-0253-40f7-9fe1-85a249b4cb8c"",""regions"",90]",,90,regions,,177.0
,48f28df6-2eab-490b-acf4-1fc858a43c63,,,False,,,2bb20688-0253-40f7-9fe1-85a249b4cb8c,True,18a96259-4deb-4bcd-8f1c-a6c34337cde5,,"[""2bb20688-0253-40f7-9fe1-85a249b4cb8c"",""regions"",91]",,91,regions,,180.0
,48f28df6-2eab-490b-acf4-1fc858a43c63,,,False,,,2bb20688-0253-40f7-9fe1-85a249b4cb8c,True,18a96259-4deb-4bcd-8f1c-a6c34337cde5,,"[""2bb20688-0253-40f7-9fe1-85a249b4cb8c"",""regions"",92]",,92,regions,,243.0
,48f28df6-2eab-490b-acf4-1fc858a43c63,,,False,,,2bb20688-0253-40f7-9fe1-85a249b4cb8c,True,18a96259-4deb-4bcd-8f1c-a6c34337cde5,,"[""2bb20688-0253-40f7-9fe1-85a249b4cb8c"",""regions"",93]",,93,regions,,223.0
,48f28df6-2eab-490b-acf4-1fc858a43c63,,,False,,,2bb20688-0253-40f7-9fe1-85a249b4cb8c,True,18a96259-4deb-4bcd-8f1c-a6c34337cde5,,"[""2bb20688-0253-40f7-9fe1-85a249b4cb8c"",""regions"",94]",,94,regions,,151.0
,48f28df6-2eab-490b-acf4-1fc858a43c63,,,False,,,2bb20688-0253-40f7-9fe1-85a249b4cb8c,True,18a96259-4deb-4bcd-8f1c-a6c34337cde5,,"[""2bb20688-0253-40f7-9fe1-85a249b4cb8c"",""regions"",95]",,95,regions,,170.0
,48f28df6-2eab-490b-acf4-1fc858a43c63,,,False,,,2bb20688-0253-40f7-9fe1-85a249b4cb8c,True,18a96259-4deb-4bcd-8f1c-a6c34337cde5,,"[""2bb20688-0253-40f7-9fe1-85a249b4cb8c"",""regions"",96]",,96,regions,,189.0
,48f28df6-2eab-490b-acf4-1fc858a43c63,,,False,,,2bb20688-0253-40f7-9fe1-85a249b4cb8c,True,18a96259-4deb-4bcd-8f1c-a6c34337cde5,,"[""2bb20688-0253-40f7-9fe1-85a249b4cb8c"",""regions"",97]",,97,regions,,218.0
,48f28df6-2eab-490b-acf4-1fc858a43c63,,,False,,,2bb20688-0253-40f7-9fe1-85a249b4cb8c,True,18a96259-4deb-4bcd-8f1c-a6c34337cde5,,"[""2bb20688-0253-40f7-9fe1-85a249b4cb8c"",""regions"",98]",,98,regions,,163.0
,48f28df6-2eab-490b-acf4-1fc858a43c63,,,False,,,2bb20688-0253-40f7-9fe1-85a249b4cb8c,True,18a96259-4deb-4bcd-8f1c-a6c34337cde5,,"[""2bb20688-0253-40f7-9fe1-85a249b4cb8c"",""regions"",99]",,99,regions,,205.0
,48f28df6-2eab-490b-acf4-1fc858a43c63,,,False,,,2bb20688-0253-40f7-9fe1-85a249b4cb8c,True,18a96259-4deb-4bcd-8f1c-a6c34337cde5,,"[""2bb20688-0253-40f7-9fe1-85a249b4cb8c"",""regions"",100]",,100,regions,,182.0
,48f28df6-2eab-490b-acf4-1fc858a43c63,,,False,,,2bb20688-0253-40f7-9fe1-85a249b4cb8c,True,18a96259-4deb-4bcd-8f1c-a6c34337cde5,,"[""2bb20688-0253-40f7-9fe1-85a249b4cb8c"",""regions"",101]",,101,regions,,197.0
,48f28df6-2eab-490b-acf4-1fc858a43c63,,,False,,,2bb20688-0253-40f7-9fe1-85a249b4cb8c,True,18a96259-4deb-4bcd-8f1c-a6c34337cde5,,"[""2bb20688-0253-40f7-9fe1-85a249b4cb8c"",""regions"",102]",,102,regions,,227.0
,48f28df6-2eab-490b-acf4-1fc858a43c63,,,False,,,2bb20688-0253-40f7-9fe1-85a249b4cb8c,True,18a96259-4deb-4bcd-8f1c-a6c34337cde5,,"[""2bb20688-0253-40f7-9fe1-85a249b4cb8c"",""regions"",103]",,103,regions,,224.0
,48f28df6-2eab-490b-acf4-1fc858a43c63,,,False,,,2bb20688-0253-40f7-9fe1-85a249b4cb8c,True,18a96259-4deb-4bcd-8f1c-a6c34337cde5,,"[""2bb20688-0253-40f7-9fe1-85a249b4cb8c"",""regions"",104]",,104,regions,,116.0
,48f28df6-2eab-490b-acf4-1fc858a43c63,,,False,,,2bb20688-0253-40f7-9fe1-85a249b4cb8c,True,18a96259-4deb-4bcd-8f1c-a6c34337cde5,,"[""2bb20688-0253-40f7-9fe1-85a249b4cb8c"",""regions"",105]",,105,regions,,173.0
,48f28df6-2eab-490b-acf4-1fc858a43c63,,,False,,,2bb20688-0253-40f7-9fe1-85a249b4cb8c,True,18a96259-4deb-4bcd-8f1c-a6c34337cde5,,"[""2bb20688-0253-40f7-9fe1-85a249b4cb8c"",""regions"",106]",,106,regions,,185.0
,48f28df6-2eab-490b-acf4-1fc858a43c63,,,False,,,2bb20688-0253-40f7-9fe1-85a249b4cb8c,True,18a96259-4deb-4bcd-8f1c-a6c34337cde5,,"[""2bb20688-0253-40f7-9fe1-85a249b4cb8c"",""regions"",107]",,107,regions,,231.0
,48f28df6-2eab-490b-acf4-1fc858a43c63,,,False,,,2bb20688-0253-40f7-9fe1-85a249b4cb8c,True,18a96259-4deb-4bcd-8f1c-a6c34337cde5,,"[""2bb20688-0253-40f7-9fe1-85a249b4cb8c"",""regions"",108]",,108,regions,,170.0
,48f28df6-2eab-490b-acf4-1fc858a43c63,,,False,,,2bb20688-0253-40f7-9fe1-85a249b4cb8c,True,18a96259-4deb-4bcd-8f1c-a6c34337cde5,,"[""2bb20688-0253-40f7-9fe1-85a249b4cb8c"",""regions"",109]",,109,regions,,248.0
,48f28df6-2eab-490b-acf4-1fc858a43c63,,,False,,,2bb20688-0253-40f7-9fe1-85a249b4cb8c,True,18a96259-4deb-4bcd-8f1c-a6c34337cde5,,"[""2bb20688-0253-40f7-9fe1-85a249b4cb8c"",""regions"",110]",,110,regions,,169.0
,48f28df6-2eab-490b-acf4-1fc858a43c63,,,False,,,2bb20688-0253-40f7-9fe1-85a249b4cb8c,True,18a96259-4deb-4bcd-8f1c-a6c34337cde5,,"[""2bb20688-0253-40f7-9fe1-85a249b4cb8c"",""regions"",111]",,111,regions,,166.0
,48f28df6-2eab-490b-acf4-1fc858a43c63,,,False,,,2bb20688-0253-40f7-9fe1-85a249b4cb8c,True,18a96259-4deb-4bcd-8f1c-a6c34337cde5,,"[""2bb20688-0253-40f7-9fe1-85a249b4cb8c"",""regions"",112]",,112,regions,,198.0
,48f28df6-2eab-490b-acf4-1fc858a43c63,,,False,,,2bb20688-0253-40f7-9fe1-85a249b4cb8c,True,18a96259-4deb-4bcd-8f1c-a6c34337cde5,,"[""2bb20688-0253-40f7-9fe1-85a249b4cb8c"",""regions"",113]",,113,regions,,155.0
,48f28df6-2eab-490b-acf4-1fc858a43c63,,,False,,,2bb20688-0253-40f7-9fe1-85a249b4cb8c,True,18a96259-4deb-4bcd-8f1c-a6c34337cde5,,"[""2bb20688-0253-40f7-9fe1-85a249b4cb8c"",""regions"",114]",,114,regions,,154.0
,48f28df6-2eab-490b-acf4-1fc858a43c63,,,False,,,2bb20688-0253-40f7-9fe1-85a249b4cb8c,True,18a96259-4deb-4bcd-8f1c-a6c34337cde5,,"[""2bb20688-0253-40f7-9fe1-85a249b4cb8c"",""regions"",115]",,115,regions,,265.0
,48f28df6-2eab-490b-acf4-1fc858a43c63,,,False,,,2bb20688-0253-40f7-9fe1-85a249b4cb8c,True,18a96259-4deb-4bcd-8f1c-a6c34337cde5,,"[""2bb20688-0253-40f7-9fe1-85a249b4cb8c"",""regions"",116]",,116,regions,,248.0
,48f28df6-2eab-490b-acf4-1fc858a43c63,,,False,,,2bb20688-0253-40f7-9fe1-85a249b4cb8c,True,18a96259-4deb-4bcd-8f1c-a6c34337cde5,,"[""2bb20688-0253-40f7-9fe1-85a249b4cb8c"",""regions"",117]",,117,regions,,192.0
,48f28df6-2eab-490b-acf4-1fc858a43c63,,,False,,,2bb20688-0253-40f7-9fe1-85a249b4cb8c,True,18a96259-4deb-4bcd-8f1c-a6c34337cde5,,"[""2bb20688-0253-40f7-9fe1-85a249b4cb8c"",""regions"",118]",,118,regions,,152.0
,48f28df6-2eab-490b-acf4-1fc858a43c63,,,False,,,2bb20688-0253-40f7-9fe1-85a249b4cb8c,True,18a96259-4deb-4bcd-8f1c-a6c34337cde5,,"[""2bb20688-0253-40f7-9fe1-85a249b4cb8c"",""regions"",119]",,119,regions,,158.0
,48f28df6-2eab-490b-acf4-1fc858a43c63,,,False,,,2bb20688-0253-40f7-9fe1-85a249b4cb8c,True,18a96259-4deb-4bcd-8f1c-a6c34337cde5,,"[""2bb20688-0253-40f7-9fe1-85a249b4cb8c"",""regions"",120]",,120,regions,,153.0
,48f28df6-2eab-490b-acf4-1fc858a43c63,,,False,,,2bb20688-0253-40f7-9fe1-85a249b4cb8c,True,18a96259-4deb-4bcd-8f1c-a6c34337cde5,,"[""2bb20688-0253-40f7-9fe1-85a249b4cb8c"",""regions"",121]",,121,regions,,177.0
,48f28df6-2eab-490b-acf4-1fc858a43c63,,,False,,,2bb20688-0253-40f7-9fe1-85a249b4cb8c,True,18a96259-4deb-4bcd-8f1c-a6c34337cde5,,"[""2bb20688-0253-40f7-9fe1-85a249b4cb8c"",""regions"",122]",,122,regions,,104.0
,48f28df6-2eab-490b-acf4-1fc858a43c63,,,False,,,2bb20688-0253-40f7-9fe1-85a249b4cb8c,True,18a96259-4deb-4bcd-8f1c-a6c34337cde5,,"[""2bb20688-0253-40f7-9fe1-85a249b4cb8c"",""regions"",123]",,123,regions,,185.0
,48f28df6-2eab-490b-acf4-1fc858a43c63,,,False,,,2bb20688-0253-40f7-9fe1-85a249b4cb8c,True,18a96259-4deb-4bcd-8f1c-a6c34337cde5,,"[""2bb20688-0253-40f7-9fe1-85a249b4cb8c"",""regions"",124]",,124,regions,,264.0
,48f28df6-2eab-490b-acf4-1fc858a43c63,,,False,,,2bb20688-0253-40f7-9fe1-85a249b4cb8c,True,18a96259-4deb-4bcd-8f1c-a6c34337cde5,,"[""2bb20688-0253-40f7-9fe1-85a249b4cb8c"",""regions"",125]",,125,regions,,242.0
,48f28df6-2eab-490b-acf4-1fc858a43c63,,,False,,,2bb20688-0253-40f7-9fe1-85a249b4cb8c,True,18a96259-4deb-4bcd-8f1c-a6c34337cde5,,"[""2bb20688-0253-40f7-9fe1-85a249b4cb8c"",""regions"",126]",,126,regions,,238.0
,48f28df6-2eab-490b-acf4-1fc858a43c63,,,False,,,2bb20688-0253-40f7-9fe1-85a249b4cb8c,True,18a96259-4deb-4bcd-8f1c-a6c34337cde5,,"[""2bb20688-0253-40f7-9fe1-85a249b4cb8c"",""regions"",127]",,127,regions,,233.0
,48f28df6-2eab-490b-acf4-1fc858a43c63,,,False,,,2bb20688-0253-40f7-9fe1-85a249b4cb8c,True,18a96259-4deb-4bcd-8f1c-a6c34337cde5,,"[""2bb20688-0253-40f7-9fe1-85a249b4cb8c"",""regions"",128]",,128,regions,,198.0
,48f28df6-2eab-490b-acf4-1fc858a43c63,,,False,,,2bb20688-0253-40f7-9fe1-85a249b4cb8c,True,18a96259-4deb-4bcd-8f1c-a6c34337cde5,,"[""2bb20688-0253-40f7-9fe1-85a249b4cb8c"",""regions"",129]",,129,regions,,200.0
,48f28df6-2eab-490b-acf4-1fc858a43c63,,,False,,,2bb20688-0253-40f7-9fe1-85a249b4cb8c,True,18a96259-4deb-4bcd-8f1c-a6c34337cde5,,"[""2bb20688-0253-40f7-9fe1-85a249b4cb8c"",""regions"",130]",,130,regions,,177.0
,48f28df6-2eab-490b-acf4-1fc858a43c63,,,False,,,2bb20688-0253-40f7-9fe1-85a249b4cb8c,True,18a96259-4deb-4bcd-8f1c-a6c34337cde5,,"[""2bb20688-0253-40f7-9fe1-85a249b4cb8c"",""regions"",131]",,131,regions,,219.0
,48f28df6-2eab-490b-acf4-1fc858a43c63,,,False,,,2bb20688-0253-40f7-9fe1-85a249b4cb8c,True,18a96259-4deb-4bcd-8f1c-a6c34337cde5,,"[""2bb20688-0253-40f7-9fe1-85a249b4cb8c"",""regions"",132]",,132,regions,,161.0
,48f28df6-2eab-490b-acf4-1fc858a43c63,,,False,,,2bb20688-0253-40f7-9fe1-85a249b4cb8c,True,18a96259-4deb-4bcd-8f1c-a6c34337cde5,,"[""2bb20688-0253-40f7-9fe1-85a249b4cb8c"",""regions"",133]",,133,regions,,216.0
,48f28df6-2eab-490b-acf4-1fc858a43c63,,,False,,,2bb20688-0253-40f7-9fe1-85a249b4cb8c,True,18a96259-4deb-4bcd-8f1c-a6c34337cde5,,"[""2bb20688-0253-40f7-9fe1-85a249b4cb8c"",""regions"",134]",,134,regions,,171.0
,48f28df6-2eab-490b-acf4-1fc858a43c63,,,False,,,2bb20688-0253-40f7-9fe1-85a249b4cb8c,True,18a96259-4deb-4bcd-8f1c-a6c34337cde5,,"[""2bb20688-0253-40f7-9fe1-85a249b4cb8c"",""regions"",135]",,135,regions,,178.0
,48f28df6-2eab-490b-acf4-1fc858a43c63,,,False,,,2bb20688-0253-40f7-9fe1-85a249b4cb8c,True,18a96259-4deb-4bcd-8f1c-a6c34337cde5,,"[""2bb20688-0253-40f7-9fe1-85a249b4cb8c"",""regions"",136]",,136,regions,,218.0
,48f28df6-2eab-490b-acf4-1fc858a43c63,,,False,,,2bb20688-0253-40f7-9fe1-85a249b4cb8c,True,18a96259-4deb-4bcd-8f1c-a6c34337cde5,,"[""2bb20688-0253-40f7-9fe1-85a249b4cb8c"",""regions"",137]",,137,regions,,79.0
,48f28df6-2eab-490b-acf4-1fc858a43c63,,,False,,,2bb20688-0253-40f7-9fe1-85a249b4cb8c,True,18a96259-4deb-4bcd-8f1c-a6c34337cde5,,"[""2bb20688-0253-40f7-9fe1-85a249b4cb8c"",""regions"",138]",,138,regions,,205.0
,48f28df6-2eab-490b-acf4-1fc858a43c63,,,False,,,2bb20688-0253-40f7-9fe1-85a249b4cb8c,True,18a96259-4deb-4bcd-8f1c-a6c34337cde5,,"[""2bb20688-0253-40f7-9fe1-85a249b4cb8c"",""regions"",139]",,139,regions,,211.0
,48f28df6-2eab-490b-acf4-1fc858a43c63,,,False,,,2bb20688-0253-40f7-9fe1-85a249b4cb8c,True,18a96259-4deb-4bcd-8f1c-a6c34337cde5,,"[""2bb20688-0253-40f7-9fe1-85a249b4cb8c"",""regions"",140]",,140,regions,,145.0
,48f28df6-2eab-490b-acf4-1fc858a43c63,,,False,,,2bb20688-0253-40f7-9fe1-85a249b4cb8c,True,18a96259-4deb-4bcd-8f1c-a6c34337cde5,,"[""2bb20688-0253-40f7-9fe1-85a249b4cb8c"",""regions"",141]",,141,regions,,240.0
,48f28df6-2eab-490b-acf4-1fc858a43c63,,,False,,,2bb20688-0253-40f7-9fe1-85a249b4cb8c,True,18a96259-4deb-4bcd-8f1c-a6c34337cde5,,"[""2bb20688-0253-40f7-9fe1-85a249b4cb8c"",""regions"",142]",,142,regions,,71.0
,48f28df6-2eab-490b-acf4-1fc858a43c63,,,False,,,2bb20688-0253-40f7-9fe1-85a249b4cb8c,True,18a96259-4deb-4bcd-8f1c-a6c34337cde5,,"[""2bb20688-0253-40f7-9fe1-85a249b4cb8c"",""regions"",143]",,143,regions,,202.0
,48f28df6-2eab-490b-acf4-1fc858a43c63,,,False,,,2bb20688-0253-40f7-9fe1-85a249b4cb8c,True,18a96259-4deb-4bcd-8f1c-a6c34337cde5,,"[""2bb20688-0253-40f7-9fe1-85a249b4cb8c"",""regions"",144]",,144,regions,,234.0
,48f28df6-2eab-490b-acf4-1fc858a43c63,,,False,,,2bb20688-0253-40f7-9fe1-85a249b4cb8c,True,18a96259-4deb-4bcd-8f1c-a6c34337cde5,,"[""2bb20688-0253-40f7-9fe1-85a249b4cb8c"",""regions"",145]",,145,regions,,214.0
,48f28df6-2eab-490b-acf4-1fc858a43c63,,,False,,,2bb20688-0253-40f7-9fe1-85a249b4cb8c,True,18a96259-4deb-4bcd-8f1c-a6c34337cde5,,"[""2bb20688-0253-40f7-9fe1-85a249b4cb8c"",""regions"",146]",,146,regions,,200.0
,48f28df6-2eab-490b-acf4-1fc858a43c63,,,False,,,2bb20688-0253-40f7-9fe1-85a249b4cb8c,True,18a96259-4deb-4bcd-8f1c-a6c34337cde5,,"[""2bb20688-0253-40f7-9fe1-85a249b4cb8c"",""regions"",147]",,147,regions,,192.0
,48f28df6-2eab-490b-acf4-1fc858a43c63,,,False,,,2bb20688-0253-40f7-9fe1-85a249b4cb8c,True,18a96259-4deb-4bcd-8f1c-a6c34337cde5,,"[""2bb20688-0253-40f7-9fe1-85a249b4cb8c"",""regions"",148]",,148,regions,,142.0
,48f28df6-2eab-490b-acf4-1fc858a43c63,,,False,,,2bb20688-0253-40f7-9fe1-85a249b4cb8c,True,18a96259-4deb-4bcd-8f1c-a6c34337cde5,,"[""2bb20688-0253-40f7-9fe1-85a249b4cb8c"",""regions"",149]",,149,regions,,121.0
,48f28df6-2eab-490b-acf4-1fc858a43c63,,,False,,,2bb20688-0253-40f7-9fe1-85a249b4cb8c,True,18a96259-4deb-4bcd-8f1c-a6c34337cde5,,"[""2bb20688-0253-40f7-9fe1-85a249b4cb8c"",""regions"",150]",,150,regions,,193.0
,48f28df6-2eab-490b-acf4-1fc858a43c63,,,False,,,2bb20688-0253-40f7-9fe1-85a249b4cb8c,True,18a96259-4deb-4bcd-8f1c-a6c34337cde5,,"[""2bb20688-0253-40f7-9fe1-85a249b4cb8c"",""regions"",151]",,151,regions,,228.0
,48f28df6-2eab-490b-acf4-1fc858a43c63,,,False,,,2bb20688-0253-40f7-9fe1-85a249b4cb8c,True,18a96259-4deb-4bcd-8f1c-a6c34337cde5,,"[""2bb20688-0253-40f7-9fe1-85a249b4cb8c"",""regions"",152]",,152,regions,,231.0
,48f28df6-2eab-490b-acf4-1fc858a43c63,,,False,,,2bb20688-0253-40f7-9fe1-85a249b4cb8c,True,18a96259-4deb-4bcd-8f1c-a6c34337cde5,,"[""2bb20688-0253-40f7-9fe1-85a249b4cb8c"",""regions"",153]",,153,regions,,182.0
,48f28df6-2eab-490b-acf4-1fc858a43c63,,,False,,,2bb20688-0253-40f7-9fe1-85a249b4cb8c,True,18a96259-4deb-4bcd-8f1c-a6c34337cde5,,"[""2bb20688-0253-40f7-9fe1-85a249b4cb8c"",""regions"",154]",,154,regions,,242.0
,48f28df6-2eab-490b-acf4-1fc858a43c63,,,False,,,2bb20688-0253-40f7-9fe1-85a249b4cb8c,True,18a96259-4deb-4bcd-8f1c-a6c34337cde5,,"[""2bb20688-0253-40f7-9fe1-85a249b4cb8c"",""regions"",155]",,155,regions,,266.0
,48f28df6-2eab-490b-acf4-1fc858a43c63,,,False,,,2bb20688-0253-40f7-9fe1-85a249b4cb8c,True,18a96259-4deb-4bcd-8f1c-a6c34337cde5,,"[""2bb20688-0253-40f7-9fe1-85a249b4cb8c"",""regions"",156]",,156,regions,,198.0
,48f28df6-2eab-490b-acf4-1fc858a43c63,,,False,,,2bb20688-0253-40f7-9fe1-85a249b4cb8c,True,18a96259-4deb-4bcd-8f1c-a6c34337cde5,,"[""2bb20688-0253-40f7-9fe1-85a249b4cb8c"",""regions"",157]",,157,regions,,121.0
,48f28df6-2eab-490b-acf4-1fc858a43c63,,,False,,,2bb20688-0253-40f7-9fe1-85a249b4cb8c,True,18a96259-4deb-4bcd-8f1c-a6c34337cde5,,"[""2bb20688-0253-40f7-9fe1-85a249b4cb8c"",""regions"",158]",,158,regions,,240.0
,48f28df6-2eab-490b-acf4-1fc858a43c63,,,False,,,2bb20688-0253-40f7-9fe1-85a249b4cb8c,True,18a96259-4deb-4bcd-8f1c-a6c34337cde5,,"[""2bb20688-0253-40f7-9fe1-85a249b4cb8c"",""regions"",159]",,159,regions,,196.0
,48f28df6-2eab-490b-acf4-1fc858a43c63,,,False,,,2bb20688-0253-40f7-9fe1-85a249b4cb8c,True,18a96259-4deb-4bcd-8f1c-a6c34337cde5,,"[""2bb20688-0253-40f7-9fe1-85a249b4cb8c"",""regions"",160]",,160,regions,,239.0
,48f28df6-2eab-490b-acf4-1fc858a43c63,,,False,,,2bb20688-0253-40f7-9fe1-85a249b4cb8c,True,18a96259-4deb-4bcd-8f1c-a6c34337cde5,,"[""2bb20688-0253-40f7-9fe1-85a249b4cb8c"",""regions"",161]",,161,regions,,186.0
,48f28df6-2eab-490b-acf4-1fc858a43c63,,,False,,,2bb20688-0253-40f7-9fe1-85a249b4cb8c,True,18a96259-4deb-4bcd-8f1c-a6c34337cde5,,"[""2bb20688-0253-40f7-9fe1-85a249b4cb8c"",""regions"",162]",,162,regions,,223.0
,48f28df6-2eab-490b-acf4-1fc858a43c63,,,False,,,2bb20688-0253-40f7-9fe1-85a249b4cb8c,True,18a96259-4deb-4bcd-8f1c-a6c34337cde5,,"[""2bb20688-0253-40f7-9fe1-85a249b4cb8c"",""regions"",163]",,163,regions,,182.0
,48f28df6-2eab-490b-acf4-1fc858a43c63,,,False,,,2bb20688-0253-40f7-9fe1-85a249b4cb8c,True,18a96259-4deb-4bcd-8f1c-a6c34337cde5,,"[""2bb20688-0253-40f7-9fe1-85a249b4cb8c"",""regions"",164]",,164,regions,,114.0
,48f28df6-2eab-490b-acf4-1fc858a43c63,,,False,,,2bb20688-0253-40f7-9fe1-85a249b4cb8c,True,18a96259-4deb-4bcd-8f1c-a6c34337cde5,,"[""2bb20688-0253-40f7-9fe1-85a249b4cb8c"",""regions"",165]",,165,regions,,152.0
,48f28df6-2eab-490b-acf4-1fc858a43c63,,,False,,,2bb20688-0253-40f7-9fe1-85a249b4cb8c,True,18a96259-4deb-4bcd-8f1c-a6c34337cde5,,"[""2bb20688-0253-40f7-9fe1-85a249b4cb8c"",""regions"",166]",,166,regions,,131.0
,48f28df6-2eab-490b-acf4-1fc858a43c63,,,False,,,2bb20688-0253-40f7-9fe1-85a249b4cb8c,True,18a96259-4deb-4bcd-8f1c-a6c34337cde5,,"[""2bb20688-0253-40f7-9fe1-85a249b4cb8c"",""regions"",167]",,167,regions,,155.0
,48f28df6-2eab-490b-acf4-1fc858a43c63,,,False,,,2bb20688-0253-40f7-9fe1-85a249b4cb8c,True,18a96259-4deb-4bcd-8f1c-a6c34337cde5,,"[""2bb20688-0253-40f7-9fe1-85a249b4cb8c"",""regions"",168]",,168,regions,,166.0
,48f28df6-2eab-490b-acf4-1fc858a43c63,,,False,,,2bb20688-0253-40f7-9fe1-85a249b4cb8c,True,18a96259-4deb-4bcd-8f1c-a6c34337cde5,,"[""2bb20688-0253-40f7-9fe1-85a249b4cb8c"",""regions"",169]",,169,regions,,153.0
,48f28df6-2eab-490b-acf4-1fc858a43c63,,,False,,,2bb20688-0253-40f7-9fe1-85a249b4cb8c,True,18a96259-4deb-4bcd-8f1c-a6c34337cde5,,"[""2bb20688-0253-40f7-9fe1-85a249b4cb8c"",""regions"",170]",,170,regions,,197.0
,48f28df6-2eab-490b-acf4-1fc858a43c63,,,False,,,2bb20688-0253-40f7-9fe1-85a249b4cb8c,True,18a96259-4deb-4bcd-8f1c-a6c34337cde5,,"[""2bb20688-0253-40f7-9fe1-85a249b4cb8c"",""regions"",171]",,171,regions,,174.0
,48f28df6-2eab-490b-acf4-1fc858a43c63,,,False,,,2bb20688-0253-40f7-9fe1-85a249b4cb8c,True,18a96259-4deb-4bcd-8f1c-a6c34337cde5,,"[""2bb20688-0253-40f7-9fe1-85a249b4cb8c"",""regions"",172]",,172,regions,,193.0
,48f28df6-2eab-490b-acf4-1fc858a43c63,,,False,,,2bb20688-0253-40f7-9fe1-85a249b4cb8c,True,18a96259-4deb-4bcd-8f1c-a6c34337cde5,,"[""2bb20688-0253-40f7-9fe1-85a249b4cb8c"",""regions"",173]",,173,regions,,112.0
,48f28df6-2eab-490b-acf4-1fc858a43c63,,,False,,,2bb20688-0253-40f7-9fe1-85a249b4cb8c,True,18a96259-4deb-4bcd-8f1c-a6c34337cde5,,"[""2bb20688-0253-40f7-9fe1-85a249b4cb8c"",""regions"",174]",,174,regions,,257.0
,48f28df6-2eab-490b-acf4-1fc858a43c63,,,False,,,2bb20688-0253-40f7-9fe1-85a249b4cb8c,True,18a96259-4deb-4bcd-8f1c-a6c34337cde5,,"[""2bb20688-0253-40f7-9fe1-85a249b4cb8c"",""regions"",175]",,175,regions,,228.0
,48f28df6-2eab-490b-acf4-1fc858a43c63,,,False,,,2bb20688-0253-40f7-9fe1-85a249b4cb8c,True,18a96259-4deb-4bcd-8f1c-a6c34337cde5,,"[""2bb20688-0253-40f7-9fe1-85a249b4cb8c"",""regions"",176]",,176,regions,,102.0
,48f28df6-2eab-490b-acf4-1fc858a43c63,,,False,,,2bb20688-0253-40f7-9fe1-85a249b4cb8c,True,18a96259-4deb-4bcd-8f1c-a6c34337cde5,,"[""2bb20688-0253-40f7-9fe1-85a249b4cb8c"",""regions"",177]",,177,regions,,168.0
,48f28df6-2eab-490b-acf4-1fc858a43c63,,,False,,,2bb20688-0253-40f7-9fe1-85a249b4cb8c,True,18a96259-4deb-4bcd-8f1c-a6c34337cde5,,"[""2bb20688-0253-40f7-9fe1-85a249b4cb8c"",""regions"",178]",,178,regions,,151.0
,48f28df6-2eab-490b-acf4-1fc858a43c63,,,False,,,2bb20688-0253-40f7-9fe1-85a249b4cb8c,True,18a96259-4deb-4bcd-8f1c-a6c34337cde5,,"[""2bb20688-0253-40f7-9fe1-85a249b4cb8c"",""regions"",179]",,179,regions,,56.0
,48f28df6-2eab-490b-acf4-1fc858a43c63,,,False,,,2bb20688-0253-40f7-9fe1-85a249b4cb8c,True,18a96259-4deb-4bcd-8f1c-a6c34337cde5,,"[""2bb20688-0253-40f7-9fe1-85a249b4cb8c"",""regions"",180]",,180,regions,,125.0
,48f28df6-2eab-490b-acf4-1fc858a43c63,,,False,,,2bb20688-0253-40f7-9fe1-85a249b4cb8c,True,18a96259-4deb-4bcd-8f1c-a6c34337cde5,,"[""2bb20688-0253-40f7-9fe1-85a249b4cb8c"",""regions"",181]",,181,regions,,246.0
,48f28df6-2eab-490b-acf4-1fc858a43c63,,,False,,,2bb20688-0253-40f7-9fe1-85a249b4cb8c,True,18a96259-4deb-4bcd-8f1c-a6c34337cde5,,"[""2bb20688-0253-40f7-9fe1-85a249b4cb8c"",""regions"",182]",,182,regions,,132.0
,48f28df6-2eab-490b-acf4-1fc858a43c63,,,False,,,2bb20688-0253-40f7-9fe1-85a249b4cb8c,True,18a96259-4deb-4bcd-8f1c-a6c34337cde5,,"[""2bb20688-0253-40f7-9fe1-85a249b4cb8c"",""regions"",183]",,183,regions,,130.0
,48f28df6-2eab-490b-acf4-1fc858a43c63,,,False,,,2bb20688-0253-40f7-9fe1-85a249b4cb8c,True,18a96259-4deb-4bcd-8f1c-a6c34337cde5,,"[""2bb20688-0253-40f7-9fe1-85a249b4cb8c"",""regions"",184]",,184,regions,,132.0
,48f28df6-2eab-490b-acf4-1fc858a43c63,,,False,,,2bb20688-0253-40f7-9fe1-85a249b4cb8c,True,18a96259-4deb-4bcd-8f1c-a6c34337cde5,,"[""2bb20688-0253-40f7-9fe1-85a249b4cb8c"",""regions"",185]",,185,regions,,174.0
,48f28df6-2eab-490b-acf4-1fc858a43c63,,,False,,,2bb20688-0253-40f7-9fe1-85a249b4cb8c,True,18a96259-4deb-4bcd-8f1c-a6c34337cde5,,"[""2bb20688-0253-40f7-9fe1-85a249b4cb8c"",""regions"",186]",,186,regions,,130.0
,48f28df6-2eab-490b-acf4-1fc858a43c63,,,False,,,2bb20688-0253-40f7-9fe1-85a249b4cb8c,True,18a96259-4deb-4bcd-8f1c-a6c34337cde5,,"[""2bb20688-0253-40f7-9fe1-85a249b4cb8c"",""regions"",187]",,187,regions,,144.0
,48f28df6-2eab-490b-acf4-1fc858a43c63,,,False,,,2bb20688-0253-40f7-9fe1-85a249b4cb8c,True,18a96259-4deb-4bcd-8f1c-a6c34337cde5,,"[""2bb20688-0253-40f7-9fe1-85a249b4cb8c"",""regions"",188]",,188,regions,,85.0
,48f28df6-2eab-490b-acf4-1fc858a43c63,,,False,,,2bb20688-0253-40f7-9fe1-85a249b4cb8c,True,18a96259-4deb-4bcd-8f1c-a6c34337cde5,,"[""2bb20688-0253-40f7-9fe1-85a249b4cb8c"",""regions"",189]",,189,regions,,345.0
,48f28df6-2eab-490b-acf4-1fc858a43c63,,,False,,,2bb20688-0253-40f7-9fe1-85a249b4cb8c,True,18a96259-4deb-4bcd-8f1c-a6c34337cde5,,"[""2bb20688-0253-40f7-9fe1-85a249b4cb8c"",""regions"",190]",,190,regions,,155.0
,48f28df6-2eab-490b-acf4-1fc858a43c63,,,False,,,2bb20688-0253-40f7-9fe1-85a249b4cb8c,True,18a96259-4deb-4bcd-8f1c-a6c34337cde5,,"[""2bb20688-0253-40f7-9fe1-85a249b4cb8c"",""regions"",191]",,191,regions,,106.0
,48f28df6-2eab-490b-acf4-1fc858a43c63,,,False,,,2bb20688-0253-40f7-9fe1-85a249b4cb8c,True,18a96259-4deb-4bcd-8f1c-a6c34337cde5,,"[""2bb20688-0253-40f7-9fe1-85a249b4cb8c"",""regions"",192]",,192,regions,,72.0
,48f28df6-2eab-490b-acf4-1fc858a43c63,,,False,,,2bb20688-0253-40f7-9fe1-85a249b4cb8c,True,18a96259-4deb-4bcd-8f1c-a6c34337cde5,,"[""2bb20688-0253-40f7-9fe1-85a249b4cb8c"",""regions"",193]",,193,regions,,156.0
,48f28df6-2eab-490b-acf4-1fc858a43c63,,,False,,,2bb20688-0253-40f7-9fe1-85a249b4cb8c,True,18a96259-4deb-4bcd-8f1c-a6c34337cde5,,"[""2bb20688-0253-40f7-9fe1-85a249b4cb8c"",""regions"",194]",,194,regions,,276.0
,48f28df6-2eab-490b-acf4-1fc858a43c63,,,False,,,2bb20688-0253-40f7-9fe1-85a249b4cb8c,True,18a96259-4deb-4bcd-8f1c-a6c34337cde5,,"[""2bb20688-0253-40f7-9fe1-85a249b4cb8c"",""regions"",195]",,195,regions,,162.0
,48f28df6-2eab-490b-acf4-1fc858a43c63,,,False,,,2bb20688-0253-40f7-9fe1-85a249b4cb8c,True,18a96259-4deb-4bcd-8f1c-a6c34337cde5,,"[""2bb20688-0253-40f7-9fe1-85a249b4cb8c"",""regions"",196]",,196,regions,,128.0
,48f28df6-2eab-490b-acf4-1fc858a43c63,,,False,,,2bb20688-0253-40f7-9fe1-85a249b4cb8c,True,18a96259-4deb-4bcd-8f1c-a6c34337cde5,,"[""2bb20688-0253-40f7-9fe1-85a249b4cb8c"",""regions"",197]",,197,regions,,126.0
,48f28df6-2eab-490b-acf4-1fc858a43c63,,,False,,,2bb20688-0253-40f7-9fe1-85a249b4cb8c,True,18a96259-4deb-4bcd-8f1c-a6c34337cde5,,"[""2bb20688-0253-40f7-9fe1-85a249b4cb8c"",""regions"",198]",,198,regions,,78.0
,48f28df6-2eab-490b-acf4-1fc858a43c63,,,False,,,2bb20688-0253-40f7-9fe1-85a249b4cb8c,True,18a96259-4deb-4bcd-8f1c-a6c34337cde5,,"[""2bb20688-0253-40f7-9fe1-85a249b4cb8c"",""regions"",199]",,199,regions,,119.0
,48f28df6-2eab-490b-acf4-1fc858a43c63,,,False,,,2bb20688-0253-40f7-9fe1-85a249b4cb8c,True,18a96259-4deb-4bcd-8f1c-a6c34337cde5,,"[""2bb20688-0253-40f7-9fe1-85a249b4cb8c"",""regions"",200]",,200,regions,,57.0
,48f28df6-2eab-490b-acf4-1fc858a43c63,,,False,,,2bb20688-0253-40f7-9fe1-85a249b4cb8c,True,18a96259-4deb-4bcd-8f1c-a6c34337cde5,,"[""2bb20688-0253-40f7-9fe1-85a249b4cb8c"",""regions"",201]",,201,regions,,58.0
,48f28df6-2eab-490b-acf4-1fc858a43c63,,,False,,,2bb20688-0253-40f7-9fe1-85a249b4cb8c,True,18a96259-4deb-4bcd-8f1c-a6c34337cde5,,"[""2bb20688-0253-40f7-9fe1-85a249b4cb8c"",""regions"",202]",,202,regions,,142.0
,48f28df6-2eab-490b-acf4-1fc858a43c63,,,False,,,2bb20688-0253-40f7-9fe1-85a249b4cb8c,True,18a96259-4deb-4bcd-8f1c-a6c34337cde5,,"[""2bb20688-0253-40f7-9fe1-85a249b4cb8c"",""regions"",203]",,203,regions,,121.0
,48f28df6-2eab-490b-acf4-1fc858a43c63,,,False,,,2bb20688-0253-40f7-9fe1-85a249b4cb8c,True,18a96259-4deb-4bcd-8f1c-a6c34337cde5,,"[""2bb20688-0253-40f7-9fe1-85a249b4cb8c"",""regions"",204]",,204,regions,,87.0
,48f28df6-2eab-490b-acf4-1fc858a43c63,,,False,,,2bb20688-0253-40f7-9fe1-85a249b4cb8c,True,18a96259-4deb-4bcd-8f1c-a6c34337cde5,,"[""2bb20688-0253-40f7-9fe1-85a249b4cb8c"",""regions"",205]",,205,regions,,43.0
,48f28df6-2eab-490b-acf4-1fc858a43c63,,,False,,,2bb20688-0253-40f7-9fe1-85a249b4cb8c,True,18a96259-4deb-4bcd-8f1c-a6c34337cde5,,"[""2bb20688-0253-40f7-9fe1-85a249b4cb8c"",""regions"",206]",,206,regions,,77.0
,48f28df6-2eab-490b-acf4-1fc858a43c63,,,False,,,2bb20688-0253-40f7-9fe1-85a249b4cb8c,True,18a96259-4deb-4bcd-8f1c-a6c34337cde5,,"[""2bb20688-0253-40f7-9fe1-85a249b4cb8c"",""regions"",207]",,207,regions,,71.0
,48f28df6-2eab-490b-acf4-1fc858a43c63,,,False,,,2bb20688-0253-40f7-9fe1-85a249b4cb8c,True,18a96259-4deb-4bcd-8f1c-a6c34337cde5,,"[""2bb20688-0253-40f7-9fe1-85a249b4cb8c"",""regions"",208]",,208,regions,,75.0
,48f28df6-2eab-490b-acf4-1fc858a43c63,,,False,,,2bb20688-0253-40f7-9fe1-85a249b4cb8c,True,18a96259-4deb-4bcd-8f1c-a6c34337cde5,,"[""2bb20688-0253-40f7-9fe1-85a249b4cb8c"",""regions"",209]",,209,regions,,202.0
,48f28df6-2eab-490b-acf4-1fc858a43c63,,,False,,,2bb20688-0253-40f7-9fe1-85a249b4cb8c,True,18a96259-4deb-4bcd-8f1c-a6c34337cde5,,"[""2bb20688-0253-40f7-9fe1-85a249b4cb8c"",""regions"",210]",,210,regions,,48.0
,48f28df6-2eab-490b-acf4-1fc858a43c63,,,False,,,2bb20688-0253-40f7-9fe1-85a249b4cb8c,True,18a96259-4deb-4bcd-8f1c-a6c34337cde5,,"[""2bb20688-0253-40f7-9fe1-85a249b4cb8c"",""regions"",211]",,211,regions,,71.0
,48f28df6-2eab-490b-acf4-1fc858a43c63,,,False,,,2bb20688-0253-40f7-9fe1-85a249b4cb8c,True,18a96259-4deb-4bcd-8f1c-a6c34337cde5,,"[""2bb20688-0253-40f7-9fe1-85a249b4cb8c"",""regions"",212]",,212,regions,,104.0
,48f28df6-2eab-490b-acf4-1fc858a43c63,,,False,,,2bb20688-0253-40f7-9fe1-85a249b4cb8c,True,18a96259-4deb-4bcd-8f1c-a6c34337cde5,,"[""2bb20688-0253-40f7-9fe1-85a249b4cb8c"",""regions"",213]",,213,regions,,97.0
,48f28df6-2eab-490b-acf4-1fc858a43c63,,,False,,,2bb20688-0253-40f7-9fe1-85a249b4cb8c,True,18a96259-4deb-4bcd-8f1c-a6c34337cde5,,"[""2bb20688-0253-40f7-9fe1-85a249b4cb8c"",""regions"",214]",,214,regions,,149.0
,48f28df6-2eab-490b-acf4-1fc858a43c63,,,False,,,2bb20688-0253-40f7-9fe1-85a249b4cb8c,True,18a96259-4deb-4bcd-8f1c-a6c34337cde5,,"[""2bb20688-0253-40f7-9fe1-85a249b4cb8c"",""regions"",215]",,215,regions,,83.0
,48f28df6-2eab-490b-acf4-1fc858a43c63,,,False,,,2bb20688-0253-40f7-9fe1-85a249b4cb8c,True,18a96259-4deb-4bcd-8f1c-a6c34337cde5,,"[""2bb20688-0253-40f7-9fe1-85a249b4cb8c"",""regions"",216]",,216,regions,,39.0
,48f28df6-2eab-490b-acf4-1fc858a43c63,,,False,,,2bb20688-0253-40f7-9fe1-85a249b4cb8c,True,18a96259-4deb-4bcd-8f1c-a6c34337cde5,,"[""2bb20688-0253-40f7-9fe1-85a249b4cb8c"",""regions"",217]",,217,regions,,107.0
,48f28df6-2eab-490b-acf4-1fc858a43c63,,,False,,,2bb20688-0253-40f7-9fe1-85a249b4cb8c,True,18a96259-4deb-4bcd-8f1c-a6c34337cde5,,"[""2bb20688-0253-40f7-9fe1-85a249b4cb8c"",""regions"",218]",,218,regions,,58.0
,48f28df6-2eab-490b-acf4-1fc858a43c63,,,False,,,2bb20688-0253-40f7-9fe1-85a249b4cb8c,True,18a96259-4deb-4bcd-8f1c-a6c34337cde5,,"[""2bb20688-0253-40f7-9fe1-85a249b4cb8c"",""regions"",219]",,219,regions,,294.0
,48f28df6-2eab-490b-acf4-1fc858a43c63,,,False,,,2bb20688-0253-40f7-9fe1-85a249b4cb8c,True,18a96259-4deb-4bcd-8f1c-a6c34337cde5,,"[""2bb20688-0253-40f7-9fe1-85a249b4cb8c"",""regions"",220]",,220,regions,,148.0
,48f28df6-2eab-490b-acf4-1fc858a43c63,,,False,,,2bb20688-0253-40f7-9fe1-85a249b4cb8c,True,18a96259-4deb-4bcd-8f1c-a6c34337cde5,,"[""2bb20688-0253-40f7-9fe1-85a249b4cb8c"",""regions"",221]",,221,regions,,120.0
,48f28df6-2eab-490b-acf4-1fc858a43c63,,,False,,,2bb20688-0253-40f7-9fe1-85a249b4cb8c,True,18a96259-4deb-4bcd-8f1c-a6c34337cde5,,"[""2bb20688-0253-40f7-9fe1-85a249b4cb8c"",""regions"",222]",,222,regions,,143.0
,48f28df6-2eab-490b-acf4-1fc858a43c63,,,False,,,2bb20688-0253-40f7-9fe1-85a249b4cb8c,True,18a96259-4deb-4bcd-8f1c-a6c34337cde5,,"[""2bb20688-0253-40f7-9fe1-85a249b4cb8c"",""regions"",223]",,223,regions,,59.0
,48f28df6-2eab-490b-acf4-1fc858a43c63,,,False,,,2bb20688-0253-40f7-9fe1-85a249b4cb8c,True,18a96259-4deb-4bcd-8f1c-a6c34337cde5,,"[""2bb20688-0253-40f7-9fe1-85a249b4cb8c"",""regions"",224]",,224,regions,,80.0
,48f28df6-2eab-490b-acf4-1fc858a43c63,,,False,,,2bb20688-0253-40f7-9fe1-85a249b4cb8c,True,18a96259-4deb-4bcd-8f1c-a6c34337cde5,,"[""2bb20688-0253-40f7-9fe1-85a249b4cb8c"",""regions"",225]",,225,regions,,70.0
,48f28df6-2eab-490b-acf4-1fc858a43c63,,,False,,,a0d124b4-61b9-45c3-a985-8afb378ac1d2,True,48f28df6-2eab-490b-acf4-1fc858a43c63,,"[""a0d124b4-61b9-45c3-a985-8afb378ac1d2"",""regions"",1]",,1,regions,,308.0
,48f28df6-2eab-490b-acf4-1fc858a43c63,,,False,,,a0d124b4-61b9-45c3-a985-8afb378ac1d2,True,48f28df6-2eab-490b-acf4-1fc858a43c63,,"[""a0d124b4-61b9-45c3-a985-8afb378ac1d2"",""regions"",2]",,2,regions,,407.0
,48f28df6-2eab-490b-acf4-1fc858a43c63,,,False,,,a0d124b4-61b9-45c3-a985-8afb378ac1d2,True,48f28df6-2eab-490b-acf4-1fc858a43c63,,"[""a0d124b4-61b9-45c3-a985-8afb378ac1d2"",""regions"",3]",,3,regions,,122.0
,48f28df6-2eab-490b-acf4-1fc858a43c63,,,False,,,a0d124b4-61b9-45c3-a985-8afb378ac1d2,True,48f28df6-2eab-490b-acf4-1fc858a43c63,,"[""a0d124b4-61b9-45c3-a985-8afb378ac1d2"",""regions"",4]",,4,regions,,42.0
,48f28df6-2eab-490b-acf4-1fc858a43c63,,,False,,,a0d124b4-61b9-45c3-a985-8afb378ac1d2,True,48f28df6-2eab-490b-acf4-1fc858a43c63,,"[""a0d124b4-61b9-45c3-a985-8afb378ac1d2"",""regions"",5]",,5,regions,,362.0
,48f28df6-2eab-490b-acf4-1fc858a43c63,,,False,,,a0d124b4-61b9-45c3-a985-8afb378ac1d2,True,48f28df6-2eab-490b-acf4-1fc858a43c63,,"[""a0d124b4-61b9-45c3-a985-8afb378ac1d2"",""regions"",6]",,6,regions,,225.0
,48f28df6-2eab-490b-acf4-1fc858a43c63,,,False,,,a0d124b4-61b9-45c3-a985-8afb378ac1d2,True,48f28df6-2eab-490b-acf4-1fc858a43c63,,"[""a0d124b4-61b9-45c3-a985-8afb378ac1d2"",""regions"",7]",,7,regions,,177.0
,48f28df6-2eab-490b-acf4-1fc858a43c63,,,False,,,a0d124b4-61b9-45c3-a985-8afb378ac1d2,True,48f28df6-2eab-490b-acf4-1fc858a43c63,,"[""a0d124b4-61b9-45c3-a985-8afb378ac1d2"",""regions"",8]",,8,regions,,265.0
,48f28df6-2eab-490b-acf4-1fc858a43c63,,,False,,,a0d124b4-61b9-45c3-a985-8afb378ac1d2,True,48f28df6-2eab-490b-acf4-1fc858a43c63,,"[""a0d124b4-61b9-45c3-a985-8afb378ac1d2"",""regions"",9]",,9,regions,,173.0
,48f28df6-2eab-490b-acf4-1fc858a43c63,,,False,,,a0d124b4-61b9-45c3-a985-8afb378ac1d2,True,48f28df6-2eab-490b-acf4-1fc858a43c63,,"[""a0d124b4-61b9-45c3-a985-8afb378ac1d2"",""regions"",10]",,10,regions,,63.0
,48f28df6-2eab-490b-acf4-1fc858a43c63,,,False,,,a0d124b4-61b9-45c3-a985-8afb378ac1d2,True,48f28df6-2eab-490b-acf4-1fc858a43c63,,"[""a0d124b4-61b9-45c3-a985-8afb378ac1d2"",""regions"",11]",,11,regions,,181.0
,48f28df6-2eab-490b-acf4-1fc858a43c63,,,False,,,a0d124b4-61b9-45c3-a985-8afb378ac1d2,True,48f28df6-2eab-490b-acf4-1fc858a43c63,,"[""a0d124b4-61b9-45c3-a985-8afb378ac1d2"",""regions"",12]",,12,regions,,156.0
,48f28df6-2eab-490b-acf4-1fc858a43c63,,,False,,,a0d124b4-61b9-45c3-a985-8afb378ac1d2,True,48f28df6-2eab-490b-acf4-1fc858a43c63,,"[""a0d124b4-61b9-45c3-a985-8afb378ac1d2"",""regions"",13]",,13,regions,,173.0
,48f28df6-2eab-490b-acf4-1fc858a43c63,,,False,,,a0d124b4-61b9-45c3-a985-8afb378ac1d2,True,48f28df6-2eab-490b-acf4-1fc858a43c63,,"[""a0d124b4-61b9-45c3-a985-8afb378ac1d2"",""regions"",14]",,14,regions,,197.0
,48f28df6-2eab-490b-acf4-1fc858a43c63,,,False,,,a0d124b4-61b9-45c3-a985-8afb378ac1d2,True,48f28df6-2eab-490b-acf4-1fc858a43c63,,"[""a0d124b4-61b9-45c3-a985-8afb378ac1d2"",""regions"",15]",,15,regions,,181.0
,48f28df6-2eab-490b-acf4-1fc858a43c63,,,False,,,a0d124b4-61b9-45c3-a985-8afb378ac1d2,True,48f28df6-2eab-490b-acf4-1fc858a43c63,,"[""a0d124b4-61b9-45c3-a985-8afb378ac1d2"",""regions"",16]",,16,regions,,190.0
,48f28df6-2eab-490b-acf4-1fc858a43c63,,,False,,,a0d124b4-61b9-45c3-a985-8afb378ac1d2,True,48f28df6-2eab-490b-acf4-1fc858a43c63,,"[""a0d124b4-61b9-45c3-a985-8afb378ac1d2"",""regions"",17]",,17,regions,,242.0
,48f28df6-2eab-490b-acf4-1fc858a43c63,,,False,,,a0d124b4-61b9-45c3-a985-8afb378ac1d2,True,48f28df6-2eab-490b-acf4-1fc858a43c63,,"[""a0d124b4-61b9-45c3-a985-8afb378ac1d2"",""regions"",18]",,18,regions,,177.0
,48f28df6-2eab-490b-acf4-1fc858a43c63,,,False,,,a0d124b4-61b9-45c3-a985-8afb378ac1d2,True,48f28df6-2eab-490b-acf4-1fc858a43c63,,"[""a0d124b4-61b9-45c3-a985-8afb378ac1d2"",""regions"",19]",,19,regions,,211.0
,48f28df6-2eab-490b-acf4-1fc858a43c63,,,False,,,a0d124b4-61b9-45c3-a985-8afb378ac1d2,True,48f28df6-2eab-490b-acf4-1fc858a43c63,,"[""a0d124b4-61b9-45c3-a985-8afb378ac1d2"",""regions"",20]",,20,regions,,284.0
,48f28df6-2eab-490b-acf4-1fc858a43c63,,,False,,,a0d124b4-61b9-45c3-a985-8afb378ac1d2,True,48f28df6-2eab-490b-acf4-1fc858a43c63,,"[""a0d124b4-61b9-45c3-a985-8afb378ac1d2"",""regions"",21]",,21,regions,,154.0
,48f28df6-2eab-490b-acf4-1fc858a43c63,,,False,,,a0d124b4-61b9-45c3-a985-8afb378ac1d2,True,48f28df6-2eab-490b-acf4-1fc858a43c63,,"[""a0d124b4-61b9-45c3-a985-8afb378ac1d2"",""regions"",22]",,22,regions,,169.0
,48f28df6-2eab-490b-acf4-1fc858a43c63,,,False,,,a0d124b4-61b9-45c3-a985-8afb378ac1d2,True,48f28df6-2eab-490b-acf4-1fc858a43c63,,"[""a0d124b4-61b9-45c3-a985-8afb378ac1d2"",""regions"",23]",,23,regions,,187.0
,48f28df6-2eab-490b-acf4-1fc858a43c63,,,False,,,a0d124b4-61b9-45c3-a985-8afb378ac1d2,True,48f28df6-2eab-490b-acf4-1fc858a43c63,,"[""a0d124b4-61b9-45c3-a985-8afb378ac1d2"",""regions"",24]",,24,regions,,174.0
,48f28df6-2eab-490b-acf4-1fc858a43c63,,,False,,,a0d124b4-61b9-45c3-a985-8afb378ac1d2,True,48f28df6-2eab-490b-acf4-1fc858a43c63,,"[""a0d124b4-61b9-45c3-a985-8afb378ac1d2"",""regions"",25]",,25,regions,,205.0
,48f28df6-2eab-490b-acf4-1fc858a43c63,,,False,,,a0d124b4-61b9-45c3-a985-8afb378ac1d2,True,48f28df6-2eab-490b-acf4-1fc858a43c63,,"[""a0d124b4-61b9-45c3-a985-8afb378ac1d2"",""regions"",26]",,26,regions,,370.0
,48f28df6-2eab-490b-acf4-1fc858a43c63,,,False,,,a0d124b4-61b9-45c3-a985-8afb378ac1d2,True,48f28df6-2eab-490b-acf4-1fc858a43c63,,"[""a0d124b4-61b9-45c3-a985-8afb378ac1d2"",""regions"",27]",,27,regions,,227.0
,48f28df6-2eab-490b-acf4-1fc858a43c63,,,False,,,a0d124b4-61b9-45c3-a985-8afb378ac1d2,True,48f28df6-2eab-490b-acf4-1fc858a43c63,,"[""a0d124b4-61b9-45c3-a985-8afb378ac1d2"",""regions"",28]",,28,regions,,167.0
,48f28df6-2eab-490b-acf4-1fc858a43c63,,,False,,,a0d124b4-61b9-45c3-a985-8afb378ac1d2,True,48f28df6-2eab-490b-acf4-1fc858a43c63,,"[""a0d124b4-61b9-45c3-a985-8afb378ac1d2"",""regions"",29]",,29,regions,,144.0
,48f28df6-2eab-490b-acf4-1fc858a43c63,,,False,,,a0d124b4-61b9-45c3-a985-8afb378ac1d2,True,48f28df6-2eab-490b-acf4-1fc858a43c63,,"[""a0d124b4-61b9-45c3-a985-8afb378ac1d2"",""regions"",30]",,30,regions,,321.0
,48f28df6-2eab-490b-acf4-1fc858a43c63,,,False,,,a0d124b4-61b9-45c3-a985-8afb378ac1d2,True,48f28df6-2eab-490b-acf4-1fc858a43c63,,"[""a0d124b4-61b9-45c3-a985-8afb378ac1d2"",""regions"",31]",,31,regions,,161.0
,48f28df6-2eab-490b-acf4-1fc858a43c63,,,False,,,a0d124b4-61b9-45c3-a985-8afb378ac1d2,True,48f28df6-2eab-490b-acf4-1fc858a43c63,,"[""a0d124b4-61b9-45c3-a985-8afb378ac1d2"",""regions"",32]",,32,regions,,160.0
,48f28df6-2eab-490b-acf4-1fc858a43c63,,,False,,,a0d124b4-61b9-45c3-a985-8afb378ac1d2,True,48f28df6-2eab-490b-acf4-1fc858a43c63,,"[""a0d124b4-61b9-45c3-a985-8afb378ac1d2"",""regions"",33]",,33,regions,,200.0
,48f28df6-2eab-490b-acf4-1fc858a43c63,,,False,,,a0d124b4-61b9-45c3-a985-8afb378ac1d2,True,48f28df6-2eab-490b-acf4-1fc858a43c63,,"[""a0d124b4-61b9-45c3-a985-8afb378ac1d2"",""regions"",34]",,34,regions,,171.0
,48f28df6-2eab-490b-acf4-1fc858a43c63,,,False,,,a0d124b4-61b9-45c3-a985-8afb378ac1d2,True,48f28df6-2eab-490b-acf4-1fc858a43c63,,"[""a0d124b4-61b9-45c3-a985-8afb378ac1d2"",""regions"",35]",,35,regions,,345.0
,48f28df6-2eab-490b-acf4-1fc858a43c63,,,False,,,a0d124b4-61b9-45c3-a985-8afb378ac1d2,True,48f28df6-2eab-490b-acf4-1fc858a43c63,,"[""a0d124b4-61b9-45c3-a985-8afb378ac1d2"",""regions"",36]",,36,regions,,207.0
,48f28df6-2eab-490b-acf4-1fc858a43c63,,,False,,,a0d124b4-61b9-45c3-a985-8afb378ac1d2,True,48f28df6-2eab-490b-acf4-1fc858a43c63,,"[""a0d124b4-61b9-45c3-a985-8afb378ac1d2"",""regions"",37]",,37,regions,,179.0
,48f28df6-2eab-490b-acf4-1fc858a43c63,,,False,,,a0d124b4-61b9-45c3-a985-8afb378ac1d2,True,48f28df6-2eab-490b-acf4-1fc858a43c63,,"[""a0d124b4-61b9-45c3-a985-8afb378ac1d2"",""regions"",38]",,38,regions,,169.0
,48f28df6-2eab-490b-acf4-1fc858a43c63,,,False,,,a0d124b4-61b9-45c3-a985-8afb378ac1d2,True,48f28df6-2eab-490b-acf4-1fc858a43c63,,"[""a0d124b4-61b9-45c3-a985-8afb378ac1d2"",""regions"",39]",,39,regions,,206.0
,48f28df6-2eab-490b-acf4-1fc858a43c63,,,False,,,a0d124b4-61b9-45c3-a985-8afb378ac1d2,True,48f28df6-2eab-490b-acf4-1fc858a43c63,,"[""a0d124b4-61b9-45c3-a985-8afb378ac1d2"",""regions"",40]",,40,regions,,166.0
,48f28df6-2eab-490b-acf4-1fc858a43c63,,,False,,,a0d124b4-61b9-45c3-a985-8afb378ac1d2,True,48f28df6-2eab-490b-acf4-1fc858a43c63,,"[""a0d124b4-61b9-45c3-a985-8afb378ac1d2"",""regions"",41]",,41,regions,,152.0
,48f28df6-2eab-490b-acf4-1fc858a43c63,,,False,,,a0d124b4-61b9-45c3-a985-8afb378ac1d2,True,48f28df6-2eab-490b-acf4-1fc858a43c63,,"[""a0d124b4-61b9-45c3-a985-8afb378ac1d2"",""regions"",42]",,42,regions,,162.0
,48f28df6-2eab-490b-acf4-1fc858a43c63,,,False,,,a0d124b4-61b9-45c3-a985-8afb378ac1d2,True,48f28df6-2eab-490b-acf4-1fc858a43c63,,"[""a0d124b4-61b9-45c3-a985-8afb378ac1d2"",""regions"",43]",,43,regions,,129.0
,48f28df6-2eab-490b-acf4-1fc858a43c63,,,False,,,a0d124b4-61b9-45c3-a985-8afb378ac1d2,True,48f28df6-2eab-490b-acf4-1fc858a43c63,,"[""a0d124b4-61b9-45c3-a985-8afb378ac1d2"",""regions"",44]",,44,regions,,266.0
,48f28df6-2eab-490b-acf4-1fc858a43c63,,,False,,,a0d124b4-61b9-45c3-a985-8afb378ac1d2,True,48f28df6-2eab-490b-acf4-1fc858a43c63,,"[""a0d124b4-61b9-45c3-a985-8afb378ac1d2"",""regions"",45]",,45,regions,,213.0
,48f28df6-2eab-490b-acf4-1fc858a43c63,,,False,,,a0d124b4-61b9-45c3-a985-8afb378ac1d2,True,48f28df6-2eab-490b-acf4-1fc858a43c63,,"[""a0d124b4-61b9-45c3-a985-8afb378ac1d2"",""regions"",46]",,46,regions,,175.0
,48f28df6-2eab-490b-acf4-1fc858a43c63,,,False,,,a0d124b4-61b9-45c3-a985-8afb378ac1d2,True,48f28df6-2eab-490b-acf4-1fc858a43c63,,"[""a0d124b4-61b9-45c3-a985-8afb378ac1d2"",""regions"",47]",,47,regions,,161.0
,48f28df6-2eab-490b-acf4-1fc858a43c63,,,False,,,a0d124b4-61b9-45c3-a985-8afb378ac1d2,True,48f28df6-2eab-490b-acf4-1fc858a43c63,,"[""a0d124b4-61b9-45c3-a985-8afb378ac1d2"",""regions"",48]",,48,regions,,428.0
,48f28df6-2eab-490b-acf4-1fc858a43c63,,,False,,,a0d124b4-61b9-45c3-a985-8afb378ac1d2,True,48f28df6-2eab-490b-acf4-1fc858a43c63,,"[""a0d124b4-61b9-45c3-a985-8afb378ac1d2"",""regions"",49]",,49,regions,,214.0
,48f28df6-2eab-490b-acf4-1fc858a43c63,,,False,,,a0d124b4-61b9-45c3-a985-8afb378ac1d2,True,48f28df6-2eab-490b-acf4-1fc858a43c63,,"[""a0d124b4-61b9-45c3-a985-8afb378ac1d2"",""regions"",50]",,50,regions,,178.0
,48f28df6-2eab-490b-acf4-1fc858a43c63,,,False,,,a0d124b4-61b9-45c3-a985-8afb378ac1d2,True,48f28df6-2eab-490b-acf4-1fc858a43c63,,"[""a0d124b4-61b9-45c3-a985-8afb378ac1d2"",""regions"",51]",,51,regions,,165.0
,48f28df6-2eab-490b-acf4-1fc858a43c63,,,False,,,a0d124b4-61b9-45c3-a985-8afb378ac1d2,True,48f28df6-2eab-490b-acf4-1fc858a43c63,,"[""a0d124b4-61b9-45c3-a985-8afb378ac1d2"",""regions"",52]",,52,regions,,201.0
,48f28df6-2eab-490b-acf4-1fc858a43c63,,,False,,,a0d124b4-61b9-45c3-a985-8afb378ac1d2,True,48f28df6-2eab-490b-acf4-1fc858a43c63,,"[""a0d124b4-61b9-45c3-a985-8afb378ac1d2"",""regions"",53]",,53,regions,,143.0
,48f28df6-2eab-490b-acf4-1fc858a43c63,,,False,,,a0d124b4-61b9-45c3-a985-8afb378ac1d2,True,48f28df6-2eab-490b-acf4-1fc858a43c63,,"[""a0d124b4-61b9-45c3-a985-8afb378ac1d2"",""regions"",54]",,54,regions,,76.0
,48f28df6-2eab-490b-acf4-1fc858a43c63,,,False,,,a0d124b4-61b9-45c3-a985-8afb378ac1d2,True,48f28df6-2eab-490b-acf4-1fc858a43c63,,"[""a0d124b4-61b9-45c3-a985-8afb378ac1d2"",""regions"",55]",,55,regions,,230.0
,48f28df6-2eab-490b-acf4-1fc858a43c63,,,False,,,a0d124b4-61b9-45c3-a985-8afb378ac1d2,True,48f28df6-2eab-490b-acf4-1fc858a43c63,,"[""a0d124b4-61b9-45c3-a985-8afb378ac1d2"",""regions"",56]",,56,regions,,176.0
,48f28df6-2eab-490b-acf4-1fc858a43c63,,,False,,,a0d124b4-61b9-45c3-a985-8afb378ac1d2,True,48f28df6-2eab-490b-acf4-1fc858a43c63,,"[""a0d124b4-61b9-45c3-a985-8afb378ac1d2"",""regions"",57]",,57,regions,,166.0
,48f28df6-2eab-490b-acf4-1fc858a43c63,,,False,,,a0d124b4-61b9-45c3-a985-8afb378ac1d2,True,48f28df6-2eab-490b-acf4-1fc858a43c63,,"[""a0d124b4-61b9-45c3-a985-8afb378ac1d2"",""regions"",58]",,58,regions,,139.0
,48f28df6-2eab-490b-acf4-1fc858a43c63,,,False,,,a0d124b4-61b9-45c3-a985-8afb378ac1d2,True,48f28df6-2eab-490b-acf4-1fc858a43c63,,"[""a0d124b4-61b9-45c3-a985-8afb378ac1d2"",""regions"",59]",,59,regions,,184.0
,48f28df6-2eab-490b-acf4-1fc858a43c63,,,False,,,a0d124b4-61b9-45c3-a985-8afb378ac1d2,True,48f28df6-2eab-490b-acf4-1fc858a43c63,,"[""a0d124b4-61b9-45c3-a985-8afb378ac1d2"",""regions"",60]",,60,regions,,109.0
,48f28df6-2eab-490b-acf4-1fc858a43c63,,,False,,,a0d124b4-61b9-45c3-a985-8afb378ac1d2,True,48f28df6-2eab-490b-acf4-1fc858a43c63,,"[""a0d124b4-61b9-45c3-a985-8afb378ac1d2"",""regions"",61]",,61,regions,,174.0
,48f28df6-2eab-490b-acf4-1fc858a43c63,,,False,,,a0d124b4-61b9-45c3-a985-8afb378ac1d2,True,48f28df6-2eab-490b-acf4-1fc858a43c63,,"[""a0d124b4-61b9-45c3-a985-8afb378ac1d2"",""regions"",62]",,62,regions,,196.0
,48f28df6-2eab-490b-acf4-1fc858a43c63,,,False,,,a0d124b4-61b9-45c3-a985-8afb378ac1d2,True,48f28df6-2eab-490b-acf4-1fc858a43c63,,"[""a0d124b4-61b9-45c3-a985-8afb378ac1d2"",""regions"",63]",,63,regions,,234.0
,48f28df6-2eab-490b-acf4-1fc858a43c63,,,False,,,a0d124b4-61b9-45c3-a985-8afb378ac1d2,True,48f28df6-2eab-490b-acf4-1fc858a43c63,,"[""a0d124b4-61b9-45c3-a985-8afb378ac1d2"",""regions"",64]",,64,regions,,180.0
,48f28df6-2eab-490b-acf4-1fc858a43c63,,,False,,,a0d124b4-61b9-45c3-a985-8afb378ac1d2,True,48f28df6-2eab-490b-acf4-1fc858a43c63,,"[""a0d124b4-61b9-45c3-a985-8afb378ac1d2"",""regions"",65]",,65,regions,,179.0
,48f28df6-2eab-490b-acf4-1fc858a43c63,,,False,,,a0d124b4-61b9-45c3-a985-8afb378ac1d2,True,48f28df6-2eab-490b-acf4-1fc858a43c63,,"[""a0d124b4-61b9-45c3-a985-8afb378ac1d2"",""regions"",66]",,66,regions,,191.0
,48f28df6-2eab-490b-acf4-1fc858a43c63,,,False,,,a0d124b4-61b9-45c3-a985-8afb378ac1d2,True,48f28df6-2eab-490b-acf4-1fc858a43c63,,"[""a0d124b4-61b9-45c3-a985-8afb378ac1d2"",""regions"",67]",,67,regions,,204.0
,48f28df6-2eab-490b-acf4-1fc858a43c63,,,False,,,a0d124b4-61b9-45c3-a985-8afb378ac1d2,True,48f28df6-2eab-490b-acf4-1fc858a43c63,,"[""a0d124b4-61b9-45c3-a985-8afb378ac1d2"",""regions"",68]",,68,regions,,196.0
,48f28df6-2eab-490b-acf4-1fc858a43c63,,,False,,,a0d124b4-61b9-45c3-a985-8afb378ac1d2,True,48f28df6-2eab-490b-acf4-1fc858a43c63,,"[""a0d124b4-61b9-45c3-a985-8afb378ac1d2"",""regions"",69]",,69,regions,,153.0
,48f28df6-2eab-490b-acf4-1fc858a43c63,,,False,,,a0d124b4-61b9-45c3-a985-8afb378ac1d2,True,48f28df6-2eab-490b-acf4-1fc858a43c63,,"[""a0d124b4-61b9-45c3-a985-8afb378ac1d2"",""regions"",70]",,70,regions,,159.0
,48f28df6-2eab-490b-acf4-1fc858a43c63,,,False,,,a0d124b4-61b9-45c3-a985-8afb378ac1d2,True,48f28df6-2eab-490b-acf4-1fc858a43c63,,"[""a0d124b4-61b9-45c3-a985-8afb378ac1d2"",""regions"",71]",,71,regions,,240.0
,48f28df6-2eab-490b-acf4-1fc858a43c63,,,False,,,a0d124b4-61b9-45c3-a985-8afb378ac1d2,True,48f28df6-2eab-490b-acf4-1fc858a43c63,,"[""a0d124b4-61b9-45c3-a985-8afb378ac1d2"",""regions"",72]",,72,regions,,79.0
,48f28df6-2eab-490b-acf4-1fc858a43c63,,,False,,,a0d124b4-61b9-45c3-a985-8afb378ac1d2,True,48f28df6-2eab-490b-acf4-1fc858a43c63,,"[""a0d124b4-61b9-45c3-a985-8afb378ac1d2"",""regions"",73]",,73,regions,,256.0
,48f28df6-2eab-490b-acf4-1fc858a43c63,,,False,,,a0d124b4-61b9-45c3-a985-8afb378ac1d2,True,48f28df6-2eab-490b-acf4-1fc858a43c63,,"[""a0d124b4-61b9-45c3-a985-8afb378ac1d2"",""regions"",74]",,74,regions,,169.0
,48f28df6-2eab-490b-acf4-1fc858a43c63,,,False,,,a0d124b4-61b9-45c3-a985-8afb378ac1d2,True,48f28df6-2eab-490b-acf4-1fc858a43c63,,"[""a0d124b4-61b9-45c3-a985-8afb378ac1d2"",""regions"",75]",,75,regions,,207.0
,48f28df6-2eab-490b-acf4-1fc858a43c63,,,False,,,a0d124b4-61b9-45c3-a985-8afb378ac1d2,True,48f28df6-2eab-490b-acf4-1fc858a43c63,,"[""a0d124b4-61b9-45c3-a985-8afb378ac1d2"",""regions"",76]",,76,regions,,189.0
,48f28df6-2eab-490b-acf4-1fc858a43c63,,,False,,,a0d124b4-61b9-45c3-a985-8afb378ac1d2,True,48f28df6-2eab-490b-acf4-1fc858a43c63,,"[""a0d124b4-61b9-45c3-a985-8afb378ac1d2"",""regions"",77]",,77,regions,,198.0
,48f28df6-2eab-490b-acf4-1fc858a43c63,,,False,,,a0d124b4-61b9-45c3-a985-8afb378ac1d2,True,48f28df6-2eab-490b-acf4-1fc858a43c63,,"[""a0d124b4-61b9-45c3-a985-8afb378ac1d2"",""regions"",78]",,78,regions,,269.0
,48f28df6-2eab-490b-acf4-1fc858a43c63,,,False,,,a0d124b4-61b9-45c3-a985-8afb378ac1d2,True,48f28df6-2eab-490b-acf4-1fc858a43c63,,"[""a0d124b4-61b9-45c3-a985-8afb378ac1d2"",""regions"",79]",,79,regions,,176.0
,48f28df6-2eab-490b-acf4-1fc858a43c63,,,False,,,a0d124b4-61b9-45c3-a985-8afb378ac1d2,True,48f28df6-2eab-490b-acf4-1fc858a43c63,,"[""a0d124b4-61b9-45c3-a985-8afb378ac1d2"",""regions"",80]",,80,regions,,240.0
,48f28df6-2eab-490b-acf4-1fc858a43c63,,,False,,,a0d124b4-61b9-45c3-a985-8afb378ac1d2,True,48f28df6-2eab-490b-acf4-1fc858a43c63,,"[""a0d124b4-61b9-45c3-a985-8afb378ac1d2"",""regions"",81]",,81,regions,,189.0
,48f28df6-2eab-490b-acf4-1fc858a43c63,,,False,,,a0d124b4-61b9-45c3-a985-8afb378ac1d2,True,48f28df6-2eab-490b-acf4-1fc858a43c63,,"[""a0d124b4-61b9-45c3-a985-8afb378ac1d2"",""regions"",82]",,82,regions,,82.0
,48f28df6-2eab-490b-acf4-1fc858a43c63,,,False,,,a0d124b4-61b9-45c3-a985-8afb378ac1d2,True,48f28df6-2eab-490b-acf4-1fc858a43c63,,"[""a0d124b4-61b9-45c3-a985-8afb378ac1d2"",""regions"",83]",,83,regions,,157.0
,48f28df6-2eab-490b-acf4-1fc858a43c63,,,False,,,a0d124b4-61b9-45c3-a985-8afb378ac1d2,True,48f28df6-2eab-490b-acf4-1fc858a43c63,,"[""a0d124b4-61b9-45c3-a985-8afb378ac1d2"",""regions"",84]",,84,regions,,217.0
,48f28df6-2eab-490b-acf4-1fc858a43c63,,,False,,,a0d124b4-61b9-45c3-a985-8afb378ac1d2,True,48f28df6-2eab-490b-acf4-1fc858a43c63,,"[""a0d124b4-61b9-45c3-a985-8afb378ac1d2"",""regions"",85]",,85,regions,,184.0
,48f28df6-2eab-490b-acf4-1fc858a43c63,,,False,,,a0d124b4-61b9-45c3-a985-8afb378ac1d2,True,48f28df6-2eab-490b-acf4-1fc858a43c63,,"[""a0d124b4-61b9-45c3-a985-8afb378ac1d2"",""regions"",86]",,86,regions,,202.0
,48f28df6-2eab-490b-acf4-1fc858a43c63,,,False,,,a0d124b4-61b9-45c3-a985-8afb378ac1d2,True,48f28df6-2eab-490b-acf4-1fc858a43c63,,"[""a0d124b4-61b9-45c3-a985-8afb378ac1d2"",""regions"",87]",,87,regions,,169.0
,48f28df6-2eab-490b-acf4-1fc858a43c63,,,False,,,a0d124b4-61b9-45c3-a985-8afb378ac1d2,True,48f28df6-2eab-490b-acf4-1fc858a43c63,,"[""a0d124b4-61b9-45c3-a985-8afb378ac1d2"",""regions"",88]",,88,regions,,168.0
,48f28df6-2eab-490b-acf4-1fc858a43c63,,,False,,,a0d124b4-61b9-45c3-a985-8afb378ac1d2,True,48f28df6-2eab-490b-acf4-1fc858a43c63,,"[""a0d124b4-61b9-45c3-a985-8afb378ac1d2"",""regions"",89]",,89,regions,,150.0
,48f28df6-2eab-490b-acf4-1fc858a43c63,,,False,,,a0d124b4-61b9-45c3-a985-8afb378ac1d2,True,48f28df6-2eab-490b-acf4-1fc858a43c63,,"[""a0d124b4-61b9-45c3-a985-8afb378ac1d2"",""regions"",90]",,90,regions,,219.0
,48f28df6-2eab-490b-acf4-1fc858a43c63,,,False,,,a0d124b4-61b9-45c3-a985-8afb378ac1d2,True,48f28df6-2eab-490b-acf4-1fc858a43c63,,"[""a0d124b4-61b9-45c3-a985-8afb378ac1d2"",""regions"",91]",,91,regions,,207.0
,48f28df6-2eab-490b-acf4-1fc858a43c63,,,False,,,a0d124b4-61b9-45c3-a985-8afb378ac1d2,True,48f28df6-2eab-490b-acf4-1fc858a43c63,,"[""a0d124b4-61b9-45c3-a985-8afb378ac1d2"",""regions"",92]",,92,regions,,172.0
,48f28df6-2eab-490b-acf4-1fc858a43c63,,,False,,,a0d124b4-61b9-45c3-a985-8afb378ac1d2,True,48f28df6-2eab-490b-acf4-1fc858a43c63,,"[""a0d124b4-61b9-45c3-a985-8afb378ac1d2"",""regions"",93]",,93,regions,,305.0
,48f28df6-2eab-490b-acf4-1fc858a43c63,,,False,,,a0d124b4-61b9-45c3-a985-8afb378ac1d2,True,48f28df6-2eab-490b-acf4-1fc858a43c63,,"[""a0d124b4-61b9-45c3-a985-8afb378ac1d2"",""regions"",94]",,94,regions,,170.0
,48f28df6-2eab-490b-acf4-1fc858a43c63,,,False,,,a0d124b4-61b9-45c3-a985-8afb378ac1d2,True,48f28df6-2eab-490b-acf4-1fc858a43c63,,"[""a0d124b4-61b9-45c3-a985-8afb378ac1d2"",""regions"",95]",,95,regions,,324.0
,48f28df6-2eab-490b-acf4-1fc858a43c63,,,False,,,a0d124b4-61b9-45c3-a985-8afb378ac1d2,True,48f28df6-2eab-490b-acf4-1fc858a43c63,,"[""a0d124b4-61b9-45c3-a985-8afb378ac1d2"",""regions"",96]",,96,regions,,178.0
,48f28df6-2eab-490b-acf4-1fc858a43c63,,,False,,,a0d124b4-61b9-45c3-a985-8afb378ac1d2,True,48f28df6-2eab-490b-acf4-1fc858a43c63,,"[""a0d124b4-61b9-45c3-a985-8afb378ac1d2"",""regions"",97]",,97,regions,,193.0
,48f28df6-2eab-490b-acf4-1fc858a43c63,,,False,,,a0d124b4-61b9-45c3-a985-8afb378ac1d2,True,48f28df6-2eab-490b-acf4-1fc858a43c63,,"[""a0d124b4-61b9-45c3-a985-8afb378ac1d2"",""regions"",98]",,98,regions,,200.0
,48f28df6-2eab-490b-acf4-1fc858a43c63,,,False,,,a0d124b4-61b9-45c3-a985-8afb378ac1d2,True,48f28df6-2eab-490b-acf4-1fc858a43c63,,"[""a0d124b4-61b9-45c3-a985-8afb378ac1d2"",""regions"",99]",,99,regions,,220.0
,48f28df6-2eab-490b-acf4-1fc858a43c63,,,False,,,a0d124b4-61b9-45c3-a985-8afb378ac1d2,True,48f28df6-2eab-490b-acf4-1fc858a43c63,,"[""a0d124b4-61b9-45c3-a985-8afb378ac1d2"",""regions"",100]",,100,regions,,182.0
,48f28df6-2eab-490b-acf4-1fc858a43c63,,,False,,,a0d124b4-61b9-45c3-a985-8afb378ac1d2,True,48f28df6-2eab-490b-acf4-1fc858a43c63,,"[""a0d124b4-61b9-45c3-a985-8afb378ac1d2"",""regions"",101]",,101,regions,,226.0
,48f28df6-2eab-490b-acf4-1fc858a43c63,,,False,,,a0d124b4-61b9-45c3-a985-8afb378ac1d2,True,48f28df6-2eab-490b-acf4-1fc858a43c63,,"[""a0d124b4-61b9-45c3-a985-8afb378ac1d2"",""regions"",102]",,102,regions,,218.0
,48f28df6-2eab-490b-acf4-1fc858a43c63,,,False,,,a0d124b4-61b9-45c3-a985-8afb378ac1d2,True,48f28df6-2eab-490b-acf4-1fc858a43c63,,"[""a0d124b4-61b9-45c3-a985-8afb378ac1d2"",""regions"",103]",,103,regions,,209.0
,48f28df6-2eab-490b-acf4-1fc858a43c63,,,False,,,a0d124b4-61b9-45c3-a985-8afb378ac1d2,True,48f28df6-2eab-490b-acf4-1fc858a43c63,,"[""a0d124b4-61b9-45c3-a985-8afb378ac1d2"",""regions"",104]",,104,regions,,261.0
,48f28df6-2eab-490b-acf4-1fc858a43c63,,,False,,,a0d124b4-61b9-45c3-a985-8afb378ac1d2,True,48f28df6-2eab-490b-acf4-1fc858a43c63,,"[""a0d124b4-61b9-45c3-a985-8afb378ac1d2"",""regions"",105]",,105,regions,,168.0
,48f28df6-2eab-490b-acf4-1fc858a43c63,,,False,,,a0d124b4-61b9-45c3-a985-8afb378ac1d2,True,48f28df6-2eab-490b-acf4-1fc858a43c63,,"[""a0d124b4-61b9-45c3-a985-8afb378ac1d2"",""regions"",106]",,106,regions,,133.0
,48f28df6-2eab-490b-acf4-1fc858a43c63,,,False,,,a0d124b4-61b9-45c3-a985-8afb378ac1d2,True,48f28df6-2eab-490b-acf4-1fc858a43c63,,"[""a0d124b4-61b9-45c3-a985-8afb378ac1d2"",""regions"",107]",,107,regions,,171.0
,48f28df6-2eab-490b-acf4-1fc858a43c63,,,False,,,a0d124b4-61b9-45c3-a985-8afb378ac1d2,True,48f28df6-2eab-490b-acf4-1fc858a43c63,,"[""a0d124b4-61b9-45c3-a985-8afb378ac1d2"",""regions"",108]",,108,regions,,193.0
,48f28df6-2eab-490b-acf4-1fc858a43c63,,,False,,,a0d124b4-61b9-45c3-a985-8afb378ac1d2,True,48f28df6-2eab-490b-acf4-1fc858a43c63,,"[""a0d124b4-61b9-45c3-a985-8afb378ac1d2"",""regions"",109]",,109,regions,,153.0
,48f28df6-2eab-490b-acf4-1fc858a43c63,,,False,,,a0d124b4-61b9-45c3-a985-8afb378ac1d2,True,48f28df6-2eab-490b-acf4-1fc858a43c63,,"[""a0d124b4-61b9-45c3-a985-8afb378ac1d2"",""regions"",110]",,110,regions,,190.0
,48f28df6-2eab-490b-acf4-1fc858a43c63,,,False,,,a0d124b4-61b9-45c3-a985-8afb378ac1d2,True,48f28df6-2eab-490b-acf4-1fc858a43c63,,"[""a0d124b4-61b9-45c3-a985-8afb378ac1d2"",""regions"",111]",,111,regions,,272.0
,48f28df6-2eab-490b-acf4-1fc858a43c63,,,False,,,a0d124b4-61b9-45c3-a985-8afb378ac1d2,True,48f28df6-2eab-490b-acf4-1fc858a43c63,,"[""a0d124b4-61b9-45c3-a985-8afb378ac1d2"",""regions"",112]",,112,regions,,268.0
,48f28df6-2eab-490b-acf4-1fc858a43c63,,,False,,,a0d124b4-61b9-45c3-a985-8afb378ac1d2,True,48f28df6-2eab-490b-acf4-1fc858a43c63,,"[""a0d124b4-61b9-45c3-a985-8afb378ac1d2"",""regions"",113]",,113,regions,,194.0
,48f28df6-2eab-490b-acf4-1fc858a43c63,,,False,,,a0d124b4-61b9-45c3-a985-8afb378ac1d2,True,48f28df6-2eab-490b-acf4-1fc858a43c63,,"[""a0d124b4-61b9-45c3-a985-8afb378ac1d2"",""regions"",114]",,114,regions,,112.0
,48f28df6-2eab-490b-acf4-1fc858a43c63,,,False,,,a0d124b4-61b9-45c3-a985-8afb378ac1d2,True,48f28df6-2eab-490b-acf4-1fc858a43c63,,"[""a0d124b4-61b9-45c3-a985-8afb378ac1d2"",""regions"",115]",,115,regions,,198.0
,48f28df6-2eab-490b-acf4-1fc858a43c63,,,False,,,a0d124b4-61b9-45c3-a985-8afb378ac1d2,True,48f28df6-2eab-490b-acf4-1fc858a43c63,,"[""a0d124b4-61b9-45c3-a985-8afb378ac1d2"",""regions"",116]",,116,regions,,163.0
,48f28df6-2eab-490b-acf4-1fc858a43c63,,,False,,,a0d124b4-61b9-45c3-a985-8afb378ac1d2,True,48f28df6-2eab-490b-acf4-1fc858a43c63,,"[""a0d124b4-61b9-45c3-a985-8afb378ac1d2"",""regions"",117]",,117,regions,,206.0
,48f28df6-2eab-490b-acf4-1fc858a43c63,,,False,,,a0d124b4-61b9-45c3-a985-8afb378ac1d2,True,48f28df6-2eab-490b-acf4-1fc858a43c63,,"[""a0d124b4-61b9-45c3-a985-8afb378ac1d2"",""regions"",118]",,118,regions,,213.0
,48f28df6-2eab-490b-acf4-1fc858a43c63,,,False,,,a0d124b4-61b9-45c3-a985-8afb378ac1d2,True,48f28df6-2eab-490b-acf4-1fc858a43c63,,"[""a0d124b4-61b9-45c3-a985-8afb378ac1d2"",""regions"",119]",,119,regions,,259.0
,48f28df6-2eab-490b-acf4-1fc858a43c63,,,False,,,a0d124b4-61b9-45c3-a985-8afb378ac1d2,True,48f28df6-2eab-490b-acf4-1fc858a43c63,,"[""a0d124b4-61b9-45c3-a985-8afb378ac1d2"",""regions"",120]",,120,regions,,128.0
,48f28df6-2eab-490b-acf4-1fc858a43c63,,,False,,,a0d124b4-61b9-45c3-a985-8afb378ac1d2,True,48f28df6-2eab-490b-acf4-1fc858a43c63,,"[""a0d124b4-61b9-45c3-a985-8afb378ac1d2"",""regions"",121]",,121,regions,,279.0
,48f28df6-2eab-490b-acf4-1fc858a43c63,,,False,,,a0d124b4-61b9-45c3-a985-8afb378ac1d2,True,48f28df6-2eab-490b-acf4-1fc858a43c63,,"[""a0d124b4-61b9-45c3-a985-8afb378ac1d2"",""regions"",122]",,122,regions,,124.0
,48f28df6-2eab-490b-acf4-1fc858a43c63,,,False,,,a0d124b4-61b9-45c3-a985-8afb378ac1d2,True,48f28df6-2eab-490b-acf4-1fc858a43c63,,"[""a0d124b4-61b9-45c3-a985-8afb378ac1d2"",""regions"",123]",,123,regions,,210.0
,48f28df6-2eab-490b-acf4-1fc858a43c63,,,False,,,a0d124b4-61b9-45c3-a985-8afb378ac1d2,True,48f28df6-2eab-490b-acf4-1fc858a43c63,,"[""a0d124b4-61b9-45c3-a985-8afb378ac1d2"",""regions"",124]",,124,regions,,203.0
,48f28df6-2eab-490b-acf4-1fc858a43c63,,,False,,,a0d124b4-61b9-45c3-a985-8afb378ac1d2,True,48f28df6-2eab-490b-acf4-1fc858a43c63,,"[""a0d124b4-61b9-45c3-a985-8afb378ac1d2"",""regions"",125]",,125,regions,,217.0
,48f28df6-2eab-490b-acf4-1fc858a43c63,,,False,,,a0d124b4-61b9-45c3-a985-8afb378ac1d2,True,48f28df6-2eab-490b-acf4-1fc858a43c63,,"[""a0d124b4-61b9-45c3-a985-8afb378ac1d2"",""regions"",126]",,126,regions,,167.0
,48f28df6-2eab-490b-acf4-1fc858a43c63,,,False,,,a0d124b4-61b9-45c3-a985-8afb378ac1d2,True,48f28df6-2eab-490b-acf4-1fc858a43c63,,"[""a0d124b4-61b9-45c3-a985-8afb378ac1d2"",""regions"",127]",,127,regions,,148.0
,48f28df6-2eab-490b-acf4-1fc858a43c63,,,False,,,a0d124b4-61b9-45c3-a985-8afb378ac1d2,True,48f28df6-2eab-490b-acf4-1fc858a43c63,,"[""a0d124b4-61b9-45c3-a985-8afb378ac1d2"",""regions"",128]",,128,regions,,254.0
,48f28df6-2eab-490b-acf4-1fc858a43c63,,,False,,,a0d124b4-61b9-45c3-a985-8afb378ac1d2,True,48f28df6-2eab-490b-acf4-1fc858a43c63,,"[""a0d124b4-61b9-45c3-a985-8afb378ac1d2"",""regions"",129]",,129,regions,,188.0
,48f28df6-2eab-490b-acf4-1fc858a43c63,,,False,,,a0d124b4-61b9-45c3-a985-8afb378ac1d2,True,48f28df6-2eab-490b-acf4-1fc858a43c63,,"[""a0d124b4-61b9-45c3-a985-8afb378ac1d2"",""regions"",130]",,130,regions,,198.0
,48f28df6-2eab-490b-acf4-1fc858a43c63,,,False,,,a0d124b4-61b9-45c3-a985-8afb378ac1d2,True,48f28df6-2eab-490b-acf4-1fc858a43c63,,"[""a0d124b4-61b9-45c3-a985-8afb378ac1d2"",""regions"",131]",,131,regions,,182.0
,48f28df6-2eab-490b-acf4-1fc858a43c63,,,False,,,a0d124b4-61b9-45c3-a985-8afb378ac1d2,True,48f28df6-2eab-490b-acf4-1fc858a43c63,,"[""a0d124b4-61b9-45c3-a985-8afb378ac1d2"",""regions"",132]",,132,regions,,243.0
,48f28df6-2eab-490b-acf4-1fc858a43c63,,,False,,,a0d124b4-61b9-45c3-a985-8afb378ac1d2,True,48f28df6-2eab-490b-acf4-1fc858a43c63,,"[""a0d124b4-61b9-45c3-a985-8afb378ac1d2"",""regions"",133]",,133,regions,,322.0
,48f28df6-2eab-490b-acf4-1fc858a43c63,,,False,,,a0d124b4-61b9-45c3-a985-8afb378ac1d2,True,48f28df6-2eab-490b-acf4-1fc858a43c63,,"[""a0d124b4-61b9-45c3-a985-8afb378ac1d2"",""regions"",134]",,134,regions,,215.0
,48f28df6-2eab-490b-acf4-1fc858a43c63,,,False,,,a0d124b4-61b9-45c3-a985-8afb378ac1d2,True,48f28df6-2eab-490b-acf4-1fc858a43c63,,"[""a0d124b4-61b9-45c3-a985-8afb378ac1d2"",""regions"",135]",,135,regions,,207.0
,48f28df6-2eab-490b-acf4-1fc858a43c63,,,False,,,a0d124b4-61b9-45c3-a985-8afb378ac1d2,True,48f28df6-2eab-490b-acf4-1fc858a43c63,,"[""a0d124b4-61b9-45c3-a985-8afb378ac1d2"",""regions"",136]",,136,regions,,159.0
,48f28df6-2eab-490b-acf4-1fc858a43c63,,,False,,,a0d124b4-61b9-45c3-a985-8afb378ac1d2,True,48f28df6-2eab-490b-acf4-1fc858a43c63,,"[""a0d124b4-61b9-45c3-a985-8afb378ac1d2"",""regions"",137]",,137,regions,,99.0
,48f28df6-2eab-490b-acf4-1fc858a43c63,,,False,,,a0d124b4-61b9-45c3-a985-8afb378ac1d2,True,48f28df6-2eab-490b-acf4-1fc858a43c63,,"[""a0d124b4-61b9-45c3-a985-8afb378ac1d2"",""regions"",138]",,138,regions,,184.0
,48f28df6-2eab-490b-acf4-1fc858a43c63,,,False,,,a0d124b4-61b9-45c3-a985-8afb378ac1d2,True,48f28df6-2eab-490b-acf4-1fc858a43c63,,"[""a0d124b4-61b9-45c3-a985-8afb378ac1d2"",""regions"",139]",,139,regions,,175.0
,48f28df6-2eab-490b-acf4-1fc858a43c63,,,False,,,a0d124b4-61b9-45c3-a985-8afb378ac1d2,True,48f28df6-2eab-490b-acf4-1fc858a43c63,,"[""a0d124b4-61b9-45c3-a985-8afb378ac1d2"",""regions"",140]",,140,regions,,218.0
,48f28df6-2eab-490b-acf4-1fc858a43c63,,,False,,,a0d124b4-61b9-45c3-a985-8afb378ac1d2,True,48f28df6-2eab-490b-acf4-1fc858a43c63,,"[""a0d124b4-61b9-45c3-a985-8afb378ac1d2"",""regions"",141]",,141,regions,,215.0
,48f28df6-2eab-490b-acf4-1fc858a43c63,,,False,,,a0d124b4-61b9-45c3-a985-8afb378ac1d2,True,48f28df6-2eab-490b-acf4-1fc858a43c63,,"[""a0d124b4-61b9-45c3-a985-8afb378ac1d2"",""regions"",142]",,142,regions,,228.0
,48f28df6-2eab-490b-acf4-1fc858a43c63,,,False,,,a0d124b4-61b9-45c3-a985-8afb378ac1d2,True,48f28df6-2eab-490b-acf4-1fc858a43c63,,"[""a0d124b4-61b9-45c3-a985-8afb378ac1d2"",""regions"",143]",,143,regions,,164.0
,48f28df6-2eab-490b-acf4-1fc858a43c63,,,False,,,a0d124b4-61b9-45c3-a985-8afb378ac1d2,True,48f28df6-2eab-490b-acf4-1fc858a43c63,,"[""a0d124b4-61b9-45c3-a985-8afb378ac1d2"",""regions"",144]",,144,regions,,235.0
,48f28df6-2eab-490b-acf4-1fc858a43c63,,,False,,,a0d124b4-61b9-45c3-a985-8afb378ac1d2,True,48f28df6-2eab-490b-acf4-1fc858a43c63,,"[""a0d124b4-61b9-45c3-a985-8afb378ac1d2"",""regions"",145]",,145,regions,,192.0
,48f28df6-2eab-490b-acf4-1fc858a43c63,,,False,,,a0d124b4-61b9-45c3-a985-8afb378ac1d2,True,48f28df6-2eab-490b-acf4-1fc858a43c63,,"[""a0d124b4-61b9-45c3-a985-8afb378ac1d2"",""regions"",146]",,146,regions,,182.0
,48f28df6-2eab-490b-acf4-1fc858a43c63,,,False,,,a0d124b4-61b9-45c3-a985-8afb378ac1d2,True,48f28df6-2eab-490b-acf4-1fc858a43c63,,"[""a0d124b4-61b9-45c3-a985-8afb378ac1d2"",""regions"",147]",,147,regions,,249.0
,48f28df6-2eab-490b-acf4-1fc858a43c63,,,False,,,a0d124b4-61b9-45c3-a985-8afb378ac1d2,True,48f28df6-2eab-490b-acf4-1fc858a43c63,,"[""a0d124b4-61b9-45c3-a985-8afb378ac1d2"",""regions"",148]",,148,regions,,183.0
,48f28df6-2eab-490b-acf4-1fc858a43c63,,,False,,,a0d124b4-61b9-45c3-a985-8afb378ac1d2,True,48f28df6-2eab-490b-acf4-1fc858a43c63,,"[""a0d124b4-61b9-45c3-a985-8afb378ac1d2"",""regions"",149]",,149,regions,,149.0
,48f28df6-2eab-490b-acf4-1fc858a43c63,,,False,,,a0d124b4-61b9-45c3-a985-8afb378ac1d2,True,48f28df6-2eab-490b-acf4-1fc858a43c63,,"[""a0d124b4-61b9-45c3-a985-8afb378ac1d2"",""regions"",150]",,150,regions,,217.0
,48f28df6-2eab-490b-acf4-1fc858a43c63,,,False,,,a0d124b4-61b9-45c3-a985-8afb378ac1d2,True,48f28df6-2eab-490b-acf4-1fc858a43c63,,"[""a0d124b4-61b9-45c3-a985-8afb378ac1d2"",""regions"",151]",,151,regions,,222.0
,48f28df6-2eab-490b-acf4-1fc858a43c63,,,False,,,a0d124b4-61b9-45c3-a985-8afb378ac1d2,True,48f28df6-2eab-490b-acf4-1fc858a43c63,,"[""a0d124b4-61b9-45c3-a985-8afb378ac1d2"",""regions"",152]",,152,regions,,189.0
,48f28df6-2eab-490b-acf4-1fc858a43c63,,,False,,,a0d124b4-61b9-45c3-a985-8afb378ac1d2,True,48f28df6-2eab-490b-acf4-1fc858a43c63,,"[""a0d124b4-61b9-45c3-a985-8afb378ac1d2"",""regions"",153]",,153,regions,,209.0
,48f28df6-2eab-490b-acf4-1fc858a43c63,,,False,,,a0d124b4-61b9-45c3-a985-8afb378ac1d2,True,48f28df6-2eab-490b-acf4-1fc858a43c63,,"[""a0d124b4-61b9-45c3-a985-8afb378ac1d2"",""regions"",154]",,154,regions,,161.0
,48f28df6-2eab-490b-acf4-1fc858a43c63,,,False,,,a0d124b4-61b9-45c3-a985-8afb378ac1d2,True,48f28df6-2eab-490b-acf4-1fc858a43c63,,"[""a0d124b4-61b9-45c3-a985-8afb378ac1d2"",""regions"",155]",,155,regions,,204.0
,48f28df6-2eab-490b-acf4-1fc858a43c63,,,False,,,a0d124b4-61b9-45c3-a985-8afb378ac1d2,True,48f28df6-2eab-490b-acf4-1fc858a43c63,,"[""a0d124b4-61b9-45c3-a985-8afb378ac1d2"",""regions"",156]",,156,regions,,157.0
,48f28df6-2eab-490b-acf4-1fc858a43c63,,,False,,,a0d124b4-61b9-45c3-a985-8afb378ac1d2,True,48f28df6-2eab-490b-acf4-1fc858a43c63,,"[""a0d124b4-61b9-45c3-a985-8afb378ac1d2"",""regions"",157]",,157,regions,,300.0
,48f28df6-2eab-490b-acf4-1fc858a43c63,,,False,,,a0d124b4-61b9-45c3-a985-8afb378ac1d2,True,48f28df6-2eab-490b-acf4-1fc858a43c63,,"[""a0d124b4-61b9-45c3-a985-8afb378ac1d2"",""regions"",158]",,158,regions,,177.0
,48f28df6-2eab-490b-acf4-1fc858a43c63,,,False,,,a0d124b4-61b9-45c3-a985-8afb378ac1d2,True,48f28df6-2eab-490b-acf4-1fc858a43c63,,"[""a0d124b4-61b9-45c3-a985-8afb378ac1d2"",""regions"",159]",,159,regions,,204.0
,48f28df6-2eab-490b-acf4-1fc858a43c63,,,False,,,a0d124b4-61b9-45c3-a985-8afb378ac1d2,True,48f28df6-2eab-490b-acf4-1fc858a43c63,,"[""a0d124b4-61b9-45c3-a985-8afb378ac1d2"",""regions"",160]",,160,regions,,173.0
,48f28df6-2eab-490b-acf4-1fc858a43c63,,,False,,,a0d124b4-61b9-45c3-a985-8afb378ac1d2,True,48f28df6-2eab-490b-acf4-1fc858a43c63,,"[""a0d124b4-61b9-45c3-a985-8afb378ac1d2"",""regions"",161]",,161,regions,,181.0
,48f28df6-2eab-490b-acf4-1fc858a43c63,,,False,,,a0d124b4-61b9-45c3-a985-8afb378ac1d2,True,48f28df6-2eab-490b-acf4-1fc858a43c63,,"[""a0d124b4-61b9-45c3-a985-8afb378ac1d2"",""regions"",162]",,162,regions,,194.0
,48f28df6-2eab-490b-acf4-1fc858a43c63,,,False,,,a0d124b4-61b9-45c3-a985-8afb378ac1d2,True,48f28df6-2eab-490b-acf4-1fc858a43c63,,"[""a0d124b4-61b9-45c3-a985-8afb378ac1d2"",""regions"",163]",,163,regions,,248.0
,48f28df6-2eab-490b-acf4-1fc858a43c63,,,False,,,a0d124b4-61b9-45c3-a985-8afb378ac1d2,True,48f28df6-2eab-490b-acf4-1fc858a43c63,,"[""a0d124b4-61b9-45c3-a985-8afb378ac1d2"",""regions"",164]",,164,regions,,206.0
,48f28df6-2eab-490b-acf4-1fc858a43c63,,,False,,,a0d124b4-61b9-45c3-a985-8afb378ac1d2,True,48f28df6-2eab-490b-acf4-1fc858a43c63,,"[""a0d124b4-61b9-45c3-a985-8afb378ac1d2"",""regions"",165]",,165,regions,,178.0
,48f28df6-2eab-490b-acf4-1fc858a43c63,,,False,,,a0d124b4-61b9-45c3-a985-8afb378ac1d2,True,48f28df6-2eab-490b-acf4-1fc858a43c63,,"[""a0d124b4-61b9-45c3-a985-8afb378ac1d2"",""regions"",166]",,166,regions,,103.0
,48f28df6-2eab-490b-acf4-1fc858a43c63,,,False,,,a0d124b4-61b9-45c3-a985-8afb378ac1d2,True,48f28df6-2eab-490b-acf4-1fc858a43c63,,"[""a0d124b4-61b9-45c3-a985-8afb378ac1d2"",""regions"",167]",,167,regions,,173.0
,48f28df6-2eab-490b-acf4-1fc858a43c63,,,False,,,a0d124b4-61b9-45c3-a985-8afb378ac1d2,True,48f28df6-2eab-490b-acf4-1fc858a43c63,,"[""a0d124b4-61b9-45c3-a985-8afb378ac1d2"",""regions"",168]",,168,regions,,178.0
,48f28df6-2eab-490b-acf4-1fc858a43c63,,,False,,,a0d124b4-61b9-45c3-a985-8afb378ac1d2,True,48f28df6-2eab-490b-acf4-1fc858a43c63,,"[""a0d124b4-61b9-45c3-a985-8afb378ac1d2"",""regions"",169]",,169,regions,,145.0
,48f28df6-2eab-490b-acf4-1fc858a43c63,,,False,,,a0d124b4-61b9-45c3-a985-8afb378ac1d2,True,48f28df6-2eab-490b-acf4-1fc858a43c63,,"[""a0d124b4-61b9-45c3-a985-8afb378ac1d2"",""regions"",170]",,170,regions,,179.0
,48f28df6-2eab-490b-acf4-1fc858a43c63,,,False,,,a0d124b4-61b9-45c3-a985-8afb378ac1d2,True,48f28df6-2eab-490b-acf4-1fc858a43c63,,"[""a0d124b4-61b9-45c3-a985-8afb378ac1d2"",""regions"",171]",,171,regions,,238.0
,48f28df6-2eab-490b-acf4-1fc858a43c63,,,False,,,a0d124b4-61b9-45c3-a985-8afb378ac1d2,True,48f28df6-2eab-490b-acf4-1fc858a43c63,,"[""a0d124b4-61b9-45c3-a985-8afb378ac1d2"",""regions"",172]",,172,regions,,212.0
,48f28df6-2eab-490b-acf4-1fc858a43c63,,,False,,,a0d124b4-61b9-45c3-a985-8afb378ac1d2,True,48f28df6-2eab-490b-acf4-1fc858a43c63,,"[""a0d124b4-61b9-45c3-a985-8afb378ac1d2"",""regions"",173]",,173,regions,,302.0
,48f28df6-2eab-490b-acf4-1fc858a43c63,,,False,,,a0d124b4-61b9-45c3-a985-8afb378ac1d2,True,48f28df6-2eab-490b-acf4-1fc858a43c63,,"[""a0d124b4-61b9-45c3-a985-8afb378ac1d2"",""regions"",174]",,174,regions,,199.0
,48f28df6-2eab-490b-acf4-1fc858a43c63,,,False,,,a0d124b4-61b9-45c3-a985-8afb378ac1d2,True,48f28df6-2eab-490b-acf4-1fc858a43c63,,"[""a0d124b4-61b9-45c3-a985-8afb378ac1d2"",""regions"",175]",,175,regions,,296.0
,48f28df6-2eab-490b-acf4-1fc858a43c63,,,False,,,a0d124b4-61b9-45c3-a985-8afb378ac1d2,True,48f28df6-2eab-490b-acf4-1fc858a43c63,,"[""a0d124b4-61b9-45c3-a985-8afb378ac1d2"",""regions"",176]",,176,regions,,204.0
,48f28df6-2eab-490b-acf4-1fc858a43c63,,,False,,,a0d124b4-61b9-45c3-a985-8afb378ac1d2,True,48f28df6-2eab-490b-acf4-1fc858a43c63,,"[""a0d124b4-61b9-45c3-a985-8afb378ac1d2"",""regions"",177]",,177,regions,,206.0
,48f28df6-2eab-490b-acf4-1fc858a43c63,,,False,,,a0d124b4-61b9-45c3-a985-8afb378ac1d2,True,48f28df6-2eab-490b-acf4-1fc858a43c63,,"[""a0d124b4-61b9-45c3-a985-8afb378ac1d2"",""regions"",178]",,178,regions,,158.0
,48f28df6-2eab-490b-acf4-1fc858a43c63,,,False,,,a0d124b4-61b9-45c3-a985-8afb378ac1d2,True,48f28df6-2eab-490b-acf4-1fc858a43c63,,"[""a0d124b4-61b9-45c3-a985-8afb378ac1d2"",""regions"",179]",,179,regions,,57.0
,48f28df6-2eab-490b-acf4-1fc858a43c63,,,False,,,a0d124b4-61b9-45c3-a985-8afb378ac1d2,True,48f28df6-2eab-490b-acf4-1fc858a43c63,,"[""a0d124b4-61b9-45c3-a985-8afb378ac1d2"",""regions"",180]",,180,regions,,175.0
,48f28df6-2eab-490b-acf4-1fc858a43c63,,,False,,,a0d124b4-61b9-45c3-a985-8afb378ac1d2,True,48f28df6-2eab-490b-acf4-1fc858a43c63,,"[""a0d124b4-61b9-45c3-a985-8afb378ac1d2"",""regions"",181]",,181,regions,,222.0
,48f28df6-2eab-490b-acf4-1fc858a43c63,,,False,,,a0d124b4-61b9-45c3-a985-8afb378ac1d2,True,48f28df6-2eab-490b-acf4-1fc858a43c63,,"[""a0d124b4-61b9-45c3-a985-8afb378ac1d2"",""regions"",182]",,182,regions,,158.0
,48f28df6-2eab-490b-acf4-1fc858a43c63,,,False,,,a0d124b4-61b9-45c3-a985-8afb378ac1d2,True,48f28df6-2eab-490b-acf4-1fc858a43c63,,"[""a0d124b4-61b9-45c3-a985-8afb378ac1d2"",""regions"",183]",,183,regions,,246.0
,48f28df6-2eab-490b-acf4-1fc858a43c63,,,False,,,a0d124b4-61b9-45c3-a985-8afb378ac1d2,True,48f28df6-2eab-490b-acf4-1fc858a43c63,,"[""a0d124b4-61b9-45c3-a985-8afb378ac1d2"",""regions"",184]",,184,regions,,233.0
,48f28df6-2eab-490b-acf4-1fc858a43c63,,,False,,,a0d124b4-61b9-45c3-a985-8afb378ac1d2,True,48f28df6-2eab-490b-acf4-1fc858a43c63,,"[""a0d124b4-61b9-45c3-a985-8afb378ac1d2"",""regions"",185]",,185,regions,,219.0
,48f28df6-2eab-490b-acf4-1fc858a43c63,,,False,,,a0d124b4-61b9-45c3-a985-8afb378ac1d2,True,48f28df6-2eab-490b-acf4-1fc858a43c63,,"[""a0d124b4-61b9-45c3-a985-8afb378ac1d2"",""regions"",186]",,186,regions,,176.0
,48f28df6-2eab-490b-acf4-1fc858a43c63,,,False,,,a0d124b4-61b9-45c3-a985-8afb378ac1d2,True,48f28df6-2eab-490b-acf4-1fc858a43c63,,"[""a0d124b4-61b9-45c3-a985-8afb378ac1d2"",""regions"",187]",,187,regions,,201.0
,48f28df6-2eab-490b-acf4-1fc858a43c63,,,False,,,a0d124b4-61b9-45c3-a985-8afb378ac1d2,True,48f28df6-2eab-490b-acf4-1fc858a43c63,,"[""a0d124b4-61b9-45c3-a985-8afb378ac1d2"",""regions"",188]",,188,regions,,186.0
,48f28df6-2eab-490b-acf4-1fc858a43c63,,,False,,,a0d124b4-61b9-45c3-a985-8afb378ac1d2,True,48f28df6-2eab-490b-acf4-1fc858a43c63,,"[""a0d124b4-61b9-45c3-a985-8afb378ac1d2"",""regions"",189]",,189,regions,,247.0
,48f28df6-2eab-490b-acf4-1fc858a43c63,,,False,,,a0d124b4-61b9-45c3-a985-8afb378ac1d2,True,48f28df6-2eab-490b-acf4-1fc858a43c63,,"[""a0d124b4-61b9-45c3-a985-8afb378ac1d2"",""regions"",190]",,190,regions,,293.0
,48f28df6-2eab-490b-acf4-1fc858a43c63,,,False,,,a0d124b4-61b9-45c3-a985-8afb378ac1d2,True,48f28df6-2eab-490b-acf4-1fc858a43c63,,"[""a0d124b4-61b9-45c3-a985-8afb378ac1d2"",""regions"",191]",,191,regions,,456.0
,48f28df6-2eab-490b-acf4-1fc858a43c63,,,False,,,a0d124b4-61b9-45c3-a985-8afb378ac1d2,True,48f28df6-2eab-490b-acf4-1fc858a43c63,,"[""a0d124b4-61b9-45c3-a985-8afb378ac1d2"",""regions"",192]",,192,regions,,205.0
,48f28df6-2eab-490b-acf4-1fc858a43c63,,,False,,,a0d124b4-61b9-45c3-a985-8afb378ac1d2,True,48f28df6-2eab-490b-acf4-1fc858a43c63,,"[""a0d124b4-61b9-45c3-a985-8afb378ac1d2"",""regions"",193]",,193,regions,,178.0
,48f28df6-2eab-490b-acf4-1fc858a43c63,,,False,,,a0d124b4-61b9-45c3-a985-8afb378ac1d2,True,48f28df6-2eab-490b-acf4-1fc858a43c63,,"[""a0d124b4-61b9-45c3-a985-8afb378ac1d2"",""regions"",194]",,194,regions,,164.0
,48f28df6-2eab-490b-acf4-1fc858a43c63,,,False,,,a0d124b4-61b9-45c3-a985-8afb378ac1d2,True,48f28df6-2eab-490b-acf4-1fc858a43c63,,"[""a0d124b4-61b9-45c3-a985-8afb378ac1d2"",""regions"",195]",,195,regions,,203.0
,48f28df6-2eab-490b-acf4-1fc858a43c63,,,False,,,a0d124b4-61b9-45c3-a985-8afb378ac1d2,True,48f28df6-2eab-490b-acf4-1fc858a43c63,,"[""a0d124b4-61b9-45c3-a985-8afb378ac1d2"",""regions"",196]",,196,regions,,150.0
,48f28df6-2eab-490b-acf4-1fc858a43c63,,,False,,,a0d124b4-61b9-45c3-a985-8afb378ac1d2,True,48f28df6-2eab-490b-acf4-1fc858a43c63,,"[""a0d124b4-61b9-45c3-a985-8afb378ac1d2"",""regions"",197]",,197,regions,,178.0
,48f28df6-2eab-490b-acf4-1fc858a43c63,,,False,,,a0d124b4-61b9-45c3-a985-8afb378ac1d2,True,48f28df6-2eab-490b-acf4-1fc858a43c63,,"[""a0d124b4-61b9-45c3-a985-8afb378ac1d2"",""regions"",198]",,198,regions,,137.0
,48f28df6-2eab-490b-acf4-1fc858a43c63,,,False,,,a0d124b4-61b9-45c3-a985-8afb378ac1d2,True,48f28df6-2eab-490b-acf4-1fc858a43c63,,"[""a0d124b4-61b9-45c3-a985-8afb378ac1d2"",""regions"",199]",,199,regions,,226.0
,48f28df6-2eab-490b-acf4-1fc858a43c63,,,False,,,a0d124b4-61b9-45c3-a985-8afb378ac1d2,True,48f28df6-2eab-490b-acf4-1fc858a43c63,,"[""a0d124b4-61b9-45c3-a985-8afb378ac1d2"",""regions"",200]",,200,regions,,210.0
,48f28df6-2eab-490b-acf4-1fc858a43c63,,,False,,,a0d124b4-61b9-45c3-a985-8afb378ac1d2,True,48f28df6-2eab-490b-acf4-1fc858a43c63,,"[""a0d124b4-61b9-45c3-a985-8afb378ac1d2"",""regions"",201]",,201,regions,,253.0
,48f28df6-2eab-490b-acf4-1fc858a43c63,,,False,,,a0d124b4-61b9-45c3-a985-8afb378ac1d2,True,48f28df6-2eab-490b-acf4-1fc858a43c63,,"[""a0d124b4-61b9-45c3-a985-8afb378ac1d2"",""regions"",202]",,202,regions,,100.0
,48f28df6-2eab-490b-acf4-1fc858a43c63,,,False,,,a0d124b4-61b9-45c3-a985-8afb378ac1d2,True,48f28df6-2eab-490b-acf4-1fc858a43c63,,"[""a0d124b4-61b9-45c3-a985-8afb378ac1d2"",""regions"",203]",,203,regions,,209.0
,48f28df6-2eab-490b-acf4-1fc858a43c63,,,False,,,a0d124b4-61b9-45c3-a985-8afb378ac1d2,True,48f28df6-2eab-490b-acf4-1fc858a43c63,,"[""a0d124b4-61b9-45c3-a985-8afb378ac1d2"",""regions"",204]",,204,regions,,188.0
,48f28df6-2eab-490b-acf4-1fc858a43c63,,,False,,,a0d124b4-61b9-45c3-a985-8afb378ac1d2,True,48f28df6-2eab-490b-acf4-1fc858a43c63,,"[""a0d124b4-61b9-45c3-a985-8afb378ac1d2"",""regions"",205]",,205,regions,,105.0
,48f28df6-2eab-490b-acf4-1fc858a43c63,,,False,,,a0d124b4-61b9-45c3-a985-8afb378ac1d2,True,48f28df6-2eab-490b-acf4-1fc858a43c63,,"[""a0d124b4-61b9-45c3-a985-8afb378ac1d2"",""regions"",206]",,206,regions,,205.0
,48f28df6-2eab-490b-acf4-1fc858a43c63,,,False,,,a0d124b4-61b9-45c3-a985-8afb378ac1d2,True,48f28df6-2eab-490b-acf4-1fc858a43c63,,"[""a0d124b4-61b9-45c3-a985-8afb378ac1d2"",""regions"",207]",,207,regions,,263.0
,48f28df6-2eab-490b-acf4-1fc858a43c63,,,False,,,a0d124b4-61b9-45c3-a985-8afb378ac1d2,True,48f28df6-2eab-490b-acf4-1fc858a43c63,,"[""a0d124b4-61b9-45c3-a985-8afb378ac1d2"",""regions"",208]",,208,regions,,233.0
,48f28df6-2eab-490b-acf4-1fc858a43c63,,,False,,,a0d124b4-61b9-45c3-a985-8afb378ac1d2,True,48f28df6-2eab-490b-acf4-1fc858a43c63,,"[""a0d124b4-61b9-45c3-a985-8afb378ac1d2"",""regions"",209]",,209,regions,,207.0
,48f28df6-2eab-490b-acf4-1fc858a43c63,,,False,,,a0d124b4-61b9-45c3-a985-8afb378ac1d2,True,48f28df6-2eab-490b-acf4-1fc858a43c63,,"[""a0d124b4-61b9-45c3-a985-8afb378ac1d2"",""regions"",210]",,210,regions,,194.0
,48f28df6-2eab-490b-acf4-1fc858a43c63,,,False,,,a0d124b4-61b9-45c3-a985-8afb378ac1d2,True,48f28df6-2eab-490b-acf4-1fc858a43c63,,"[""a0d124b4-61b9-45c3-a985-8afb378ac1d2"",""regions"",211]",,211,regions,,137.0
,48f28df6-2eab-490b-acf4-1fc858a43c63,,,False,,,a0d124b4-61b9-45c3-a985-8afb378ac1d2,True,48f28df6-2eab-490b-acf4-1fc858a43c63,,"[""a0d124b4-61b9-45c3-a985-8afb378ac1d2"",""regions"",212]",,212,regions,,57.0
,48f28df6-2eab-490b-acf4-1fc858a43c63,,,False,,,a0d124b4-61b9-45c3-a985-8afb378ac1d2,True,48f28df6-2eab-490b-acf4-1fc858a43c63,,"[""a0d124b4-61b9-45c3-a985-8afb378ac1d2"",""regions"",213]",,213,regions,,205.0
,48f28df6-2eab-490b-acf4-1fc858a43c63,,,False,,,a0d124b4-61b9-45c3-a985-8afb378ac1d2,True,48f28df6-2eab-490b-acf4-1fc858a43c63,,"[""a0d124b4-61b9-45c3-a985-8afb378ac1d2"",""regions"",214]",,214,regions,,163.0
,48f28df6-2eab-490b-acf4-1fc858a43c63,,,False,,,a0d124b4-61b9-45c3-a985-8afb378ac1d2,True,48f28df6-2eab-490b-acf4-1fc858a43c63,,"[""a0d124b4-61b9-45c3-a985-8afb378ac1d2"",""regions"",215]",,215,regions,,192.0
,48f28df6-2eab-490b-acf4-1fc858a43c63,,,False,,,a0d124b4-61b9-45c3-a985-8afb378ac1d2,True,48f28df6-2eab-490b-acf4-1fc858a43c63,,"[""a0d124b4-61b9-45c3-a985-8afb378ac1d2"",""regions"",216]",,216,regions,,168.0
,48f28df6-2eab-490b-acf4-1fc858a43c63,,,False,,,a0d124b4-61b9-45c3-a985-8afb378ac1d2,True,48f28df6-2eab-490b-acf4-1fc858a43c63,,"[""a0d124b4-61b9-45c3-a985-8afb378ac1d2"",""regions"",217]",,217,regions,,185.0
,48f28df6-2eab-490b-acf4-1fc858a43c63,,,False,,,a0d124b4-61b9-45c3-a985-8afb378ac1d2,True,48f28df6-2eab-490b-acf4-1fc858a43c63,,"[""a0d124b4-61b9-45c3-a985-8afb378ac1d2"",""regions"",218]",,218,regions,,204.0
,48f28df6-2eab-490b-acf4-1fc858a43c63,,,False,,,a0d124b4-61b9-45c3-a985-8afb378ac1d2,True,48f28df6-2eab-490b-acf4-1fc858a43c63,,"[""a0d124b4-61b9-45c3-a985-8afb378ac1d2"",""regions"",219]",,219,regions,,213.0
,48f28df6-2eab-490b-acf4-1fc858a43c63,,,False,,,a0d124b4-61b9-45c3-a985-8afb378ac1d2,True,48f28df6-2eab-490b-acf4-1fc858a43c63,,"[""a0d124b4-61b9-45c3-a985-8afb378ac1d2"",""regions"",220]",,220,regions,,99.0
,48f28df6-2eab-490b-acf4-1fc858a43c63,,,False,,,a0d124b4-61b9-45c3-a985-8afb378ac1d2,True,48f28df6-2eab-490b-acf4-1fc858a43c63,,"[""a0d124b4-61b9-45c3-a985-8afb378ac1d2"",""regions"",221]",,221,regions,,205.0
,48f28df6-2eab-490b-acf4-1fc858a43c63,,,False,,,a0d124b4-61b9-45c3-a985-8afb378ac1d2,True,48f28df6-2eab-490b-acf4-1fc858a43c63,,"[""a0d124b4-61b9-45c3-a985-8afb378ac1d2"",""regions"",222]",,222,regions,,176.0
,48f28df6-2eab-490b-acf4-1fc858a43c63,,,False,,,a0d124b4-61b9-45c3-a985-8afb378ac1d2,True,48f28df6-2eab-490b-acf4-1fc858a43c63,,"[""a0d124b4-61b9-45c3-a985-8afb378ac1d2"",""regions"",223]",,223,regions,,232.0
,48f28df6-2eab-490b-acf4-1fc858a43c63,,,False,,,a0d124b4-61b9-45c3-a985-8afb378ac1d2,True,48f28df6-2eab-490b-acf4-1fc858a43c63,,"[""a0d124b4-61b9-45c3-a985-8afb378ac1d2"",""regions"",224]",,224,regions,,161.0
,48f28df6-2eab-490b-acf4-1fc858a43c63,,,False,,,a0d124b4-61b9-45c3-a985-8afb378ac1d2,True,48f28df6-2eab-490b-acf4-1fc858a43c63,,"[""a0d124b4-61b9-45c3-a985-8afb378ac1d2"",""regions"",225]",,225,regions,,98.0
,48f28df6-2eab-490b-acf4-1fc858a43c63,,,False,,,a0d124b4-61b9-45c3-a985-8afb378ac1d2,True,48f28df6-2eab-490b-acf4-1fc858a43c63,,"[""a0d124b4-61b9-45c3-a985-8afb378ac1d2"",""regions"",226]",,226,regions,,174.0
,48f28df6-2eab-490b-acf4-1fc858a43c63,,,False,,,a0d124b4-61b9-45c3-a985-8afb378ac1d2,True,48f28df6-2eab-490b-acf4-1fc858a43c63,,"[""a0d124b4-61b9-45c3-a985-8afb378ac1d2"",""regions"",227]",,227,regions,,186.0
,48f28df6-2eab-490b-acf4-1fc858a43c63,,,False,,,a0d124b4-61b9-45c3-a985-8afb378ac1d2,True,48f28df6-2eab-490b-acf4-1fc858a43c63,,"[""a0d124b4-61b9-45c3-a985-8afb378ac1d2"",""regions"",228]",,228,regions,,61.0
,48f28df6-2eab-490b-acf4-1fc858a43c63,,,False,,,a0d124b4-61b9-45c3-a985-8afb378ac1d2,True,48f28df6-2eab-490b-acf4-1fc858a43c63,,"[""a0d124b4-61b9-45c3-a985-8afb378ac1d2"",""regions"",229]",,229,regions,,143.0
,48f28df6-2eab-490b-acf4-1fc858a43c63,,,False,,,a0d124b4-61b9-45c3-a985-8afb378ac1d2,True,48f28df6-2eab-490b-acf4-1fc858a43c63,,"[""a0d124b4-61b9-45c3-a985-8afb378ac1d2"",""regions"",230]",,230,regions,,197.0
,48f28df6-2eab-490b-acf4-1fc858a43c63,,,False,,,a0d124b4-61b9-45c3-a985-8afb378ac1d2,True,48f28df6-2eab-490b-acf4-1fc858a43c63,,"[""a0d124b4-61b9-45c3-a985-8afb378ac1d2"",""regions"",231]",,231,regions,,149.0
,48f28df6-2eab-490b-acf4-1fc858a43c63,,,False,,,a0d124b4-61b9-45c3-a985-8afb378ac1d2,True,48f28df6-2eab-490b-acf4-1fc858a43c63,,"[""a0d124b4-61b9-45c3-a985-8afb378ac1d2"",""regions"",232]",,232,regions,,173.0
,48f28df6-2eab-490b-acf4-1fc858a43c63,,,False,,,a0d124b4-61b9-45c3-a985-8afb378ac1d2,True,48f28df6-2eab-490b-acf4-1fc858a43c63,,"[""a0d124b4-61b9-45c3-a985-8afb378ac1d2"",""regions"",233]",,233,regions,,107.0
,48f28df6-2eab-490b-acf4-1fc858a43c63,,,False,,,a0d124b4-61b9-45c3-a985-8afb378ac1d2,True,48f28df6-2eab-490b-acf4-1fc858a43c63,,"[""a0d124b4-61b9-45c3-a985-8afb378ac1d2"",""regions"",234]",,234,regions,,65.0
,48f28df6-2eab-490b-acf4-1fc858a43c63,,,False,,,a0d124b4-61b9-45c3-a985-8afb378ac1d2,True,48f28df6-2eab-490b-acf4-1fc858a43c63,,"[""a0d124b4-61b9-45c3-a985-8afb378ac1d2"",""regions"",235]",,235,regions,,67.0
,48f28df6-2eab-490b-acf4-1fc858a43c63,,,False,,,a0d124b4-61b9-45c3-a985-8afb378ac1d2,True,48f28df6-2eab-490b-acf4-1fc858a43c63,,"[""a0d124b4-61b9-45c3-a985-8afb378ac1d2"",""regions"",236]",,236,regions,,113.0
,48f28df6-2eab-490b-acf4-1fc858a43c63,,,False,,,a0d124b4-61b9-45c3-a985-8afb378ac1d2,True,48f28df6-2eab-490b-acf4-1fc858a43c63,,"[""a0d124b4-61b9-45c3-a985-8afb378ac1d2"",""regions"",237]",,237,regions,,66.0
,48f28df6-2eab-490b-acf4-1fc858a43c63,,,False,,,a0d124b4-61b9-45c3-a985-8afb378ac1d2,True,48f28df6-2eab-490b-acf4-1fc858a43c63,,"[""a0d124b4-61b9-45c3-a985-8afb378ac1d2"",""regions"",238]",,238,regions,,25.0
,48f28df6-2eab-490b-acf4-1fc858a43c63,,,False,,,a0d124b4-61b9-45c3-a985-8afb378ac1d2,True,48f28df6-2eab-490b-acf4-1fc858a43c63,,"[""a0d124b4-61b9-45c3-a985-8afb378ac1d2"",""regions"",239]",,239,regions,,39.0
,48f28df6-2eab-490b-acf4-1fc858a43c63,,,False,,,a0d124b4-61b9-45c3-a985-8afb378ac1d2,True,48f28df6-2eab-490b-acf4-1fc858a43c63,,"[""a0d124b4-61b9-45c3-a985-8afb378ac1d2"",""regions"",240]",,240,regions,,56.0
,48f28df6-2eab-490b-acf4-1fc858a43c63,,,False,,,a0d124b4-61b9-45c3-a985-8afb378ac1d2,True,48f28df6-2eab-490b-acf4-1fc858a43c63,,"[""a0d124b4-61b9-45c3-a985-8afb378ac1d2"",""regions"",241]",,241,regions,,126.0
,48f28df6-2eab-490b-acf4-1fc858a43c63,,,False,,,a0d124b4-61b9-45c3-a985-8afb378ac1d2,True,48f28df6-2eab-490b-acf4-1fc858a43c63,,"[""a0d124b4-61b9-45c3-a985-8afb378ac1d2"",""regions"",242]",,242,regions,,73.0
,48f28df6-2eab-490b-acf4-1fc858a43c63,,,False,,,e0012238-e643-45b0-9aab-74b5241d3e62,True,48f28df6-2eab-490b-acf4-1fc858a43c63,,"[""e0012238-e643-45b0-9aab-74b5241d3e62"",""regions"",1]",,1,regions,,154.0
,48f28df6-2eab-490b-acf4-1fc858a43c63,,,False,,,e0012238-e643-45b0-9aab-74b5241d3e62,True,48f28df6-2eab-490b-acf4-1fc858a43c63,,"[""e0012238-e643-45b0-9aab-74b5241d3e62"",""regions"",2]",,2,regions,,170.0
,48f28df6-2eab-490b-acf4-1fc858a43c63,,,False,,,e0012238-e643-45b0-9aab-74b5241d3e62,True,48f28df6-2eab-490b-acf4-1fc858a43c63,,"[""e0012238-e643-45b0-9aab-74b5241d3e62"",""regions"",3]",,3,regions,,266.0
,48f28df6-2eab-490b-acf4-1fc858a43c63,,,False,,,e0012238-e643-45b0-9aab-74b5241d3e62,True,48f28df6-2eab-490b-acf4-1fc858a43c63,,"[""e0012238-e643-45b0-9aab-74b5241d3e62"",""regions"",4]",,4,regions,,185.0
,48f28df6-2eab-490b-acf4-1fc858a43c63,,,False,,,e0012238-e643-45b0-9aab-74b5241d3e62,True,48f28df6-2eab-490b-acf4-1fc858a43c63,,"[""e0012238-e643-45b0-9aab-74b5241d3e62"",""regions"",5]",,5,regions,,135.0
,48f28df6-2eab-490b-acf4-1fc858a43c63,,,False,,,e0012238-e643-45b0-9aab-74b5241d3e62,True,48f28df6-2eab-490b-acf4-1fc858a43c63,,"[""e0012238-e643-45b0-9aab-74b5241d3e62"",""regions"",6]",,6,regions,,245.0
,48f28df6-2eab-490b-acf4-1fc858a43c63,,,False,,,e0012238-e643-45b0-9aab-74b5241d3e62,True,48f28df6-2eab-490b-acf4-1fc858a43c63,,"[""e0012238-e643-45b0-9aab-74b5241d3e62"",""regions"",7]",,7,regions,,217.0
,48f28df6-2eab-490b-acf4-1fc858a43c63,,,False,,,e0012238-e643-45b0-9aab-74b5241d3e62,True,48f28df6-2eab-490b-acf4-1fc858a43c63,,"[""e0012238-e643-45b0-9aab-74b5241d3e62"",""regions"",8]",,8,regions,,386.0
,48f28df6-2eab-490b-acf4-1fc858a43c63,,,False,,,e0012238-e643-45b0-9aab-74b5241d3e62,True,48f28df6-2eab-490b-acf4-1fc858a43c63,,"[""e0012238-e643-45b0-9aab-74b5241d3e62"",""regions"",9]",,9,regions,,194.0
,48f28df6-2eab-490b-acf4-1fc858a43c63,,,False,,,e0012238-e643-45b0-9aab-74b5241d3e62,True,48f28df6-2eab-490b-acf4-1fc858a43c63,,"[""e0012238-e643-45b0-9aab-74b5241d3e62"",""regions"",10]",,10,regions,,235.0
,48f28df6-2eab-490b-acf4-1fc858a43c63,,,False,,,e0012238-e643-45b0-9aab-74b5241d3e62,True,48f28df6-2eab-490b-acf4-1fc858a43c63,,"[""e0012238-e643-45b0-9aab-74b5241d3e62"",""regions"",11]",,11,regions,,162.0
,48f28df6-2eab-490b-acf4-1fc858a43c63,,,False,,,e0012238-e643-45b0-9aab-74b5241d3e62,True,48f28df6-2eab-490b-acf4-1fc858a43c63,,"[""e0012238-e643-45b0-9aab-74b5241d3e62"",""regions"",12]",,12,regions,,134.0
,48f28df6-2eab-490b-acf4-1fc858a43c63,,,False,,,e0012238-e643-45b0-9aab-74b5241d3e62,True,48f28df6-2eab-490b-acf4-1fc858a43c63,,"[""e0012238-e643-45b0-9aab-74b5241d3e62"",""regions"",13]",,13,regions,,120.0
,48f28df6-2eab-490b-acf4-1fc858a43c63,,,False,,,e0012238-e643-45b0-9aab-74b5241d3e62,True,48f28df6-2eab-490b-acf4-1fc858a43c63,,"[""e0012238-e643-45b0-9aab-74b5241d3e62"",""regions"",14]",,14,regions,,220.0
,48f28df6-2eab-490b-acf4-1fc858a43c63,,,False,,,e0012238-e643-45b0-9aab-74b5241d3e62,True,48f28df6-2eab-490b-acf4-1fc858a43c63,,"[""e0012238-e643-45b0-9aab-74b5241d3e62"",""regions"",15]",,15,regions,,115.0
,48f28df6-2eab-490b-acf4-1fc858a43c63,,,False,,,e0012238-e643-45b0-9aab-74b5241d3e62,True,48f28df6-2eab-490b-acf4-1fc858a43c63,,"[""e0012238-e643-45b0-9aab-74b5241d3e62"",""regions"",16]",,16,regions,,220.0
,48f28df6-2eab-490b-acf4-1fc858a43c63,,,False,,,e0012238-e643-45b0-9aab-74b5241d3e62,True,48f28df6-2eab-490b-acf4-1fc858a43c63,,"[""e0012238-e643-45b0-9aab-74b5241d3e62"",""regions"",17]",,17,regions,,187.0
,48f28df6-2eab-490b-acf4-1fc858a43c63,,,False,,,e0012238-e643-45b0-9aab-74b5241d3e62,True,48f28df6-2eab-490b-acf4-1fc858a43c63,,"[""e0012238-e643-45b0-9aab-74b5241d3e62"",""regions"",18]",,18,regions,,297.0
,48f28df6-2eab-490b-acf4-1fc858a43c63,,,False,,,e0012238-e643-45b0-9aab-74b5241d3e62,True,48f28df6-2eab-490b-acf4-1fc858a43c63,,"[""e0012238-e643-45b0-9aab-74b5241d3e62"",""regions"",19]",,19,regions,,257.0
,48f28df6-2eab-490b-acf4-1fc858a43c63,,,False,,,e0012238-e643-45b0-9aab-74b5241d3e62,True,48f28df6-2eab-490b-acf4-1fc858a43c63,,"[""e0012238-e643-45b0-9aab-74b5241d3e62"",""regions"",20]",,20,regions,,236.0
,48f28df6-2eab-490b-acf4-1fc858a43c63,,,False,,,e0012238-e643-45b0-9aab-74b5241d3e62,True,48f28df6-2eab-490b-acf4-1fc858a43c63,,"[""e0012238-e643-45b0-9aab-74b5241d3e62"",""regions"",21]",,21,regions,,285.0
,48f28df6-2eab-490b-acf4-1fc858a43c63,,,False,,,e0012238-e643-45b0-9aab-74b5241d3e62,True,48f28df6-2eab-490b-acf4-1fc858a43c63,,"[""e0012238-e643-45b0-9aab-74b5241d3e62"",""regions"",22]",,22,regions,,171.0
,48f28df6-2eab-490b-acf4-1fc858a43c63,,,False,,,e0012238-e643-45b0-9aab-74b5241d3e62,True,48f28df6-2eab-490b-acf4-1fc858a43c63,,"[""e0012238-e643-45b0-9aab-74b5241d3e62"",""regions"",23]",,23,regions,,206.0
,48f28df6-2eab-490b-acf4-1fc858a43c63,,,False,,,e0012238-e643-45b0-9aab-74b5241d3e62,True,48f28df6-2eab-490b-acf4-1fc858a43c63,,"[""e0012238-e643-45b0-9aab-74b5241d3e62"",""regions"",24]",,24,regions,,180.0
,48f28df6-2eab-490b-acf4-1fc858a43c63,,,False,,,e0012238-e643-45b0-9aab-74b5241d3e62,True,48f28df6-2eab-490b-acf4-1fc858a43c63,,"[""e0012238-e643-45b0-9aab-74b5241d3e62"",""regions"",25]",,25,regions,,157.0
,48f28df6-2eab-490b-acf4-1fc858a43c63,,,False,,,e0012238-e643-45b0-9aab-74b5241d3e62,True,48f28df6-2eab-490b-acf4-1fc858a43c63,,"[""e0012238-e643-45b0-9aab-74b5241d3e62"",""regions"",26]",,26,regions,,198.0
,48f28df6-2eab-490b-acf4-1fc858a43c63,,,False,,,e0012238-e643-45b0-9aab-74b5241d3e62,True,48f28df6-2eab-490b-acf4-1fc858a43c63,,"[""e0012238-e643-45b0-9aab-74b5241d3e62"",""regions"",27]",,27,regions,,167.0
,48f28df6-2eab-490b-acf4-1fc858a43c63,,,False,,,e0012238-e643-45b0-9aab-74b5241d3e62,True,48f28df6-2eab-490b-acf4-1fc858a43c63,,"[""e0012238-e643-45b0-9aab-74b5241d3e62"",""regions"",28]",,28,regions,,163.0
,48f28df6-2eab-490b-acf4-1fc858a43c63,,,False,,,e0012238-e643-45b0-9aab-74b5241d3e62,True,48f28df6-2eab-490b-acf4-1fc858a43c63,,"[""e0012238-e643-45b0-9aab-74b5241d3e62"",""regions"",29]",,29,regions,,156.0
,48f28df6-2eab-490b-acf4-1fc858a43c63,,,False,,,e0012238-e643-45b0-9aab-74b5241d3e62,True,48f28df6-2eab-490b-acf4-1fc858a43c63,,"[""e0012238-e643-45b0-9aab-74b5241d3e62"",""regions"",30]",,30,regions,,191.0
,48f28df6-2eab-490b-acf4-1fc858a43c63,,,False,,,e0012238-e643-45b0-9aab-74b5241d3e62,True,48f28df6-2eab-490b-acf4-1fc858a43c63,,"[""e0012238-e643-45b0-9aab-74b5241d3e62"",""regions"",31]",,31,regions,,380.0
,48f28df6-2eab-490b-acf4-1fc858a43c63,,,False,,,e0012238-e643-45b0-9aab-74b5241d3e62,True,48f28df6-2eab-490b-acf4-1fc858a43c63,,"[""e0012238-e643-45b0-9aab-74b5241d3e62"",""regions"",32]",,32,regions,,176.0
,48f28df6-2eab-490b-acf4-1fc858a43c63,,,False,,,e0012238-e643-45b0-9aab-74b5241d3e62,True,48f28df6-2eab-490b-acf4-1fc858a43c63,,"[""e0012238-e643-45b0-9aab-74b5241d3e62"",""regions"",33]",,33,regions,,259.0
,48f28df6-2eab-490b-acf4-1fc858a43c63,,,False,,,e0012238-e643-45b0-9aab-74b5241d3e62,True,48f28df6-2eab-490b-acf4-1fc858a43c63,,"[""e0012238-e643-45b0-9aab-74b5241d3e62"",""regions"",34]",,34,regions,,192.0
,48f28df6-2eab-490b-acf4-1fc858a43c63,,,False,,,e0012238-e643-45b0-9aab-74b5241d3e62,True,48f28df6-2eab-490b-acf4-1fc858a43c63,,"[""e0012238-e643-45b0-9aab-74b5241d3e62"",""regions"",35]",,35,regions,,200.0
,48f28df6-2eab-490b-acf4-1fc858a43c63,,,False,,,e0012238-e643-45b0-9aab-74b5241d3e62,True,48f28df6-2eab-490b-acf4-1fc858a43c63,,"[""e0012238-e643-45b0-9aab-74b5241d3e62"",""regions"",36]",,36,regions,,209.0
,48f28df6-2eab-490b-acf4-1fc858a43c63,,,False,,,e0012238-e643-45b0-9aab-74b5241d3e62,True,48f28df6-2eab-490b-acf4-1fc858a43c63,,"[""e0012238-e643-45b0-9aab-74b5241d3e62"",""regions"",37]",,37,regions,,219.0
,48f28df6-2eab-490b-acf4-1fc858a43c63,,,False,,,e0012238-e643-45b0-9aab-74b5241d3e62,True,48f28df6-2eab-490b-acf4-1fc858a43c63,,"[""e0012238-e643-45b0-9aab-74b5241d3e62"",""regions"",38]",,38,regions,,134.0
,48f28df6-2eab-490b-acf4-1fc858a43c63,,,False,,,e0012238-e643-45b0-9aab-74b5241d3e62,True,48f28df6-2eab-490b-acf4-1fc858a43c63,,"[""e0012238-e643-45b0-9aab-74b5241d3e62"",""regions"",39]",,39,regions,,128.0
,48f28df6-2eab-490b-acf4-1fc858a43c63,,,False,,,e0012238-e643-45b0-9aab-74b5241d3e62,True,48f28df6-2eab-490b-acf4-1fc858a43c63,,"[""e0012238-e643-45b0-9aab-74b5241d3e62"",""regions"",40]",,40,regions,,129.0
,48f28df6-2eab-490b-acf4-1fc858a43c63,,,False,,,e0012238-e643-45b0-9aab-74b5241d3e62,True,48f28df6-2eab-490b-acf4-1fc858a43c63,,"[""e0012238-e643-45b0-9aab-74b5241d3e62"",""regions"",41]",,41,regions,,173.0
,48f28df6-2eab-490b-acf4-1fc858a43c63,,,False,,,e0012238-e643-45b0-9aab-74b5241d3e62,True,48f28df6-2eab-490b-acf4-1fc858a43c63,,"[""e0012238-e643-45b0-9aab-74b5241d3e62"",""regions"",42]",,42,regions,,208.0
,48f28df6-2eab-490b-acf4-1fc858a43c63,,,False,,,e0012238-e643-45b0-9aab-74b5241d3e62,True,48f28df6-2eab-490b-acf4-1fc858a43c63,,"[""e0012238-e643-45b0-9aab-74b5241d3e62"",""regions"",43]",,43,regions,,187.0
,48f28df6-2eab-490b-acf4-1fc858a43c63,,,False,,,e0012238-e643-45b0-9aab-74b5241d3e62,True,48f28df6-2eab-490b-acf4-1fc858a43c63,,"[""e0012238-e643-45b0-9aab-74b5241d3e62"",""regions"",44]",,44,regions,,177.0
,48f28df6-2eab-490b-acf4-1fc858a43c63,,,False,,,e0012238-e643-45b0-9aab-74b5241d3e62,True,48f28df6-2eab-490b-acf4-1fc858a43c63,,"[""e0012238-e643-45b0-9aab-74b5241d3e62"",""regions"",45]",,45,regions,,232.0
,48f28df6-2eab-490b-acf4-1fc858a43c63,,,False,,,e0012238-e643-45b0-9aab-74b5241d3e62,True,48f28df6-2eab-490b-acf4-1fc858a43c63,,"[""e0012238-e643-45b0-9aab-74b5241d3e62"",""regions"",46]",,46,regions,,168.0
,48f28df6-2eab-490b-acf4-1fc858a43c63,,,False,,,e0012238-e643-45b0-9aab-74b5241d3e62,True,48f28df6-2eab-490b-acf4-1fc858a43c63,,"[""e0012238-e643-45b0-9aab-74b5241d3e62"",""regions"",47]",,47,regions,,324.0
,48f28df6-2eab-490b-acf4-1fc858a43c63,,,False,,,e0012238-e643-45b0-9aab-74b5241d3e62,True,48f28df6-2eab-490b-acf4-1fc858a43c63,,"[""e0012238-e643-45b0-9aab-74b5241d3e62"",""regions"",48]",,48,regions,,174.0
,48f28df6-2eab-490b-acf4-1fc858a43c63,,,False,,,e0012238-e643-45b0-9aab-74b5241d3e62,True,48f28df6-2eab-490b-acf4-1fc858a43c63,,"[""e0012238-e643-45b0-9aab-74b5241d3e62"",""regions"",49]",,49,regions,,219.0
,48f28df6-2eab-490b-acf4-1fc858a43c63,,,False,,,e0012238-e643-45b0-9aab-74b5241d3e62,True,48f28df6-2eab-490b-acf4-1fc858a43c63,,"[""e0012238-e643-45b0-9aab-74b5241d3e62"",""regions"",50]",,50,regions,,168.0
,48f28df6-2eab-490b-acf4-1fc858a43c63,,,False,,,e0012238-e643-45b0-9aab-74b5241d3e62,True,48f28df6-2eab-490b-acf4-1fc858a43c63,,"[""e0012238-e643-45b0-9aab-74b5241d3e62"",""regions"",51]",,51,regions,,262.0
,48f28df6-2eab-490b-acf4-1fc858a43c63,,,False,,,e0012238-e643-45b0-9aab-74b5241d3e62,True,48f28df6-2eab-490b-acf4-1fc858a43c63,,"[""e0012238-e643-45b0-9aab-74b5241d3e62"",""regions"",52]",,52,regions,,111.0
,48f28df6-2eab-490b-acf4-1fc858a43c63,,,False,,,e0012238-e643-45b0-9aab-74b5241d3e62,True,48f28df6-2eab-490b-acf4-1fc858a43c63,,"[""e0012238-e643-45b0-9aab-74b5241d3e62"",""regions"",53]",,53,regions,,234.0
,48f28df6-2eab-490b-acf4-1fc858a43c63,,,False,,,e0012238-e643-45b0-9aab-74b5241d3e62,True,48f28df6-2eab-490b-acf4-1fc858a43c63,,"[""e0012238-e643-45b0-9aab-74b5241d3e62"",""regions"",54]",,54,regions,,183.0
,48f28df6-2eab-490b-acf4-1fc858a43c63,,,False,,,e0012238-e643-45b0-9aab-74b5241d3e62,True,48f28df6-2eab-490b-acf4-1fc858a43c63,,"[""e0012238-e643-45b0-9aab-74b5241d3e62"",""regions"",55]",,55,regions,,165.0
,48f28df6-2eab-490b-acf4-1fc858a43c63,,,False,,,e0012238-e643-45b0-9aab-74b5241d3e62,True,48f28df6-2eab-490b-acf4-1fc858a43c63,,"[""e0012238-e643-45b0-9aab-74b5241d3e62"",""regions"",56]",,56,regions,,247.0
,48f28df6-2eab-490b-acf4-1fc858a43c63,,,False,,,e0012238-e643-45b0-9aab-74b5241d3e62,True,48f28df6-2eab-490b-acf4-1fc858a43c63,,"[""e0012238-e643-45b0-9aab-74b5241d3e62"",""regions"",57]",,57,regions,,163.0
,48f28df6-2eab-490b-acf4-1fc858a43c63,,,False,,,e0012238-e643-45b0-9aab-74b5241d3e62,True,48f28df6-2eab-490b-acf4-1fc858a43c63,,"[""e0012238-e643-45b0-9aab-74b5241d3e62"",""regions"",58]",,58,regions,,215.0
,48f28df6-2eab-490b-acf4-1fc858a43c63,,,False,,,e0012238-e643-45b0-9aab-74b5241d3e62,True,48f28df6-2eab-490b-acf4-1fc858a43c63,,"[""e0012238-e643-45b0-9aab-74b5241d3e62"",""regions"",59]",,59,regions,,182.0
,48f28df6-2eab-490b-acf4-1fc858a43c63,,,False,,,e0012238-e643-45b0-9aab-74b5241d3e62,True,48f28df6-2eab-490b-acf4-1fc858a43c63,,"[""e0012238-e643-45b0-9aab-74b5241d3e62"",""regions"",60]",,60,regions,,239.0
,48f28df6-2eab-490b-acf4-1fc858a43c63,,,False,,,e0012238-e643-45b0-9aab-74b5241d3e62,True,48f28df6-2eab-490b-acf4-1fc858a43c63,,"[""e0012238-e643-45b0-9aab-74b5241d3e62"",""regions"",61]",,61,regions,,194.0
,48f28df6-2eab-490b-acf4-1fc858a43c63,,,False,,,e0012238-e643-45b0-9aab-74b5241d3e62,True,48f28df6-2eab-490b-acf4-1fc858a43c63,,"[""e0012238-e643-45b0-9aab-74b5241d3e62"",""regions"",62]",,62,regions,,179.0
,48f28df6-2eab-490b-acf4-1fc858a43c63,,,False,,,e0012238-e643-45b0-9aab-74b5241d3e62,True,48f28df6-2eab-490b-acf4-1fc858a43c63,,"[""e0012238-e643-45b0-9aab-74b5241d3e62"",""regions"",63]",,63,regions,,198.0
,48f28df6-2eab-490b-acf4-1fc858a43c63,,,False,,,e0012238-e643-45b0-9aab-74b5241d3e62,True,48f28df6-2eab-490b-acf4-1fc858a43c63,,"[""e0012238-e643-45b0-9aab-74b5241d3e62"",""regions"",64]",,64,regions,,264.0
,48f28df6-2eab-490b-acf4-1fc858a43c63,,,False,,,e0012238-e643-45b0-9aab-74b5241d3e62,True,48f28df6-2eab-490b-acf4-1fc858a43c63,,"[""e0012238-e643-45b0-9aab-74b5241d3e62"",""regions"",65]",,65,regions,,131.0
,48f28df6-2eab-490b-acf4-1fc858a43c63,,,False,,,e0012238-e643-45b0-9aab-74b5241d3e62,True,48f28df6-2eab-490b-acf4-1fc858a43c63,,"[""e0012238-e643-45b0-9aab-74b5241d3e62"",""regions"",66]",,66,regions,,175.0
,48f28df6-2eab-490b-acf4-1fc858a43c63,,,False,,,e0012238-e643-45b0-9aab-74b5241d3e62,True,48f28df6-2eab-490b-acf4-1fc858a43c63,,"[""e0012238-e643-45b0-9aab-74b5241d3e62"",""regions"",67]",,67,regions,,196.0
,48f28df6-2eab-490b-acf4-1fc858a43c63,,,False,,,e0012238-e643-45b0-9aab-74b5241d3e62,True,48f28df6-2eab-490b-acf4-1fc858a43c63,,"[""e0012238-e643-45b0-9aab-74b5241d3e62"",""regions"",68]",,68,regions,,190.0
,48f28df6-2eab-490b-acf4-1fc858a43c63,,,False,,,e0012238-e643-45b0-9aab-74b5241d3e62,True,48f28df6-2eab-490b-acf4-1fc858a43c63,,"[""e0012238-e643-45b0-9aab-74b5241d3e62"",""regions"",69]",,69,regions,,192.0
,48f28df6-2eab-490b-acf4-1fc858a43c63,,,False,,,e0012238-e643-45b0-9aab-74b5241d3e62,True,48f28df6-2eab-490b-acf4-1fc858a43c63,,"[""e0012238-e643-45b0-9aab-74b5241d3e62"",""regions"",70]",,70,regions,,145.0
,48f28df6-2eab-490b-acf4-1fc858a43c63,,,False,,,e0012238-e643-45b0-9aab-74b5241d3e62,True,48f28df6-2eab-490b-acf4-1fc858a43c63,,"[""e0012238-e643-45b0-9aab-74b5241d3e62"",""regions"",71]",,71,regions,,133.0
,48f28df6-2eab-490b-acf4-1fc858a43c63,,,False,,,e0012238-e643-45b0-9aab-74b5241d3e62,True,48f28df6-2eab-490b-acf4-1fc858a43c63,,"[""e0012238-e643-45b0-9aab-74b5241d3e62"",""regions"",72]",,72,regions,,219.0
,48f28df6-2eab-490b-acf4-1fc858a43c63,,,False,,,e0012238-e643-45b0-9aab-74b5241d3e62,True,48f28df6-2eab-490b-acf4-1fc858a43c63,,"[""e0012238-e643-45b0-9aab-74b5241d3e62"",""regions"",73]",,73,regions,,121.0
,48f28df6-2eab-490b-acf4-1fc858a43c63,,,False,,,e0012238-e643-45b0-9aab-74b5241d3e62,True,48f28df6-2eab-490b-acf4-1fc858a43c63,,"[""e0012238-e643-45b0-9aab-74b5241d3e62"",""regions"",74]",,74,regions,,181.0
,48f28df6-2eab-490b-acf4-1fc858a43c63,,,False,,,e0012238-e643-45b0-9aab-74b5241d3e62,True,48f28df6-2eab-490b-acf4-1fc858a43c63,,"[""e0012238-e643-45b0-9aab-74b5241d3e62"",""regions"",75]",,75,regions,,181.0
,48f28df6-2eab-490b-acf4-1fc858a43c63,,,False,,,e0012238-e643-45b0-9aab-74b5241d3e62,True,48f28df6-2eab-490b-acf4-1fc858a43c63,,"[""e0012238-e643-45b0-9aab-74b5241d3e62"",""regions"",76]",,76,regions,,164.0
,48f28df6-2eab-490b-acf4-1fc858a43c63,,,False,,,e0012238-e643-45b0-9aab-74b5241d3e62,True,48f28df6-2eab-490b-acf4-1fc858a43c63,,"[""e0012238-e643-45b0-9aab-74b5241d3e62"",""regions"",77]",,77,regions,,146.0
,48f28df6-2eab-490b-acf4-1fc858a43c63,,,False,,,e0012238-e643-45b0-9aab-74b5241d3e62,True,48f28df6-2eab-490b-acf4-1fc858a43c63,,"[""e0012238-e643-45b0-9aab-74b5241d3e62"",""regions"",78]",,78,regions,,163.0
,48f28df6-2eab-490b-acf4-1fc858a43c63,,,False,,,e0012238-e643-45b0-9aab-74b5241d3e62,True,48f28df6-2eab-490b-acf4-1fc858a43c63,,"[""e0012238-e643-45b0-9aab-74b5241d3e62"",""regions"",79]",,79,regions,,189.0
,48f28df6-2eab-490b-acf4-1fc858a43c63,,,False,,,e0012238-e643-45b0-9aab-74b5241d3e62,True,48f28df6-2eab-490b-acf4-1fc858a43c63,,"[""e0012238-e643-45b0-9aab-74b5241d3e62"",""regions"",80]",,80,regions,,185.0
,48f28df6-2eab-490b-acf4-1fc858a43c63,,,False,,,e0012238-e643-45b0-9aab-74b5241d3e62,True,48f28df6-2eab-490b-acf4-1fc858a43c63,,"[""e0012238-e643-45b0-9aab-74b5241d3e62"",""regions"",81]",,81,regions,,217.0
,48f28df6-2eab-490b-acf4-1fc858a43c63,,,False,,,e0012238-e643-45b0-9aab-74b5241d3e62,True,48f28df6-2eab-490b-acf4-1fc858a43c63,,"[""e0012238-e643-45b0-9aab-74b5241d3e62"",""regions"",82]",,82,regions,,206.0
,48f28df6-2eab-490b-acf4-1fc858a43c63,,,False,,,e0012238-e643-45b0-9aab-74b5241d3e62,True,48f28df6-2eab-490b-acf4-1fc858a43c63,,"[""e0012238-e643-45b0-9aab-74b5241d3e62"",""regions"",83]",,83,regions,,193.0
,48f28df6-2eab-490b-acf4-1fc858a43c63,,,False,,,e0012238-e643-45b0-9aab-74b5241d3e62,True,48f28df6-2eab-490b-acf4-1fc858a43c63,,"[""e0012238-e643-45b0-9aab-74b5241d3e62"",""regions"",84]",,84,regions,,229.0
,48f28df6-2eab-490b-acf4-1fc858a43c63,,,False,,,e0012238-e643-45b0-9aab-74b5241d3e62,True,48f28df6-2eab-490b-acf4-1fc858a43c63,,"[""e0012238-e643-45b0-9aab-74b5241d3e62"",""regions"",85]",,85,regions,,151.0
,48f28df6-2eab-490b-acf4-1fc858a43c63,,,False,,,e0012238-e643-45b0-9aab-74b5241d3e62,True,48f28df6-2eab-490b-acf4-1fc858a43c63,,"[""e0012238-e643-45b0-9aab-74b5241d3e62"",""regions"",86]",,86,regions,,166.0
,48f28df6-2eab-490b-acf4-1fc858a43c63,,,False,,,e0012238-e643-45b0-9aab-74b5241d3e62,True,48f28df6-2eab-490b-acf4-1fc858a43c63,,"[""e0012238-e643-45b0-9aab-74b5241d3e62"",""regions"",87]",,87,regions,,193.0
,48f28df6-2eab-490b-acf4-1fc858a43c63,,,False,,,e0012238-e643-45b0-9aab-74b5241d3e62,True,48f28df6-2eab-490b-acf4-1fc858a43c63,,"[""e0012238-e643-45b0-9aab-74b5241d3e62"",""regions"",88]",,88,regions,,178.0
,48f28df6-2eab-490b-acf4-1fc858a43c63,,,False,,,e0012238-e643-45b0-9aab-74b5241d3e62,True,48f28df6-2eab-490b-acf4-1fc858a43c63,,"[""e0012238-e643-45b0-9aab-74b5241d3e62"",""regions"",89]",,89,regions,,202.0
,48f28df6-2eab-490b-acf4-1fc858a43c63,,,False,,,e0012238-e643-45b0-9aab-74b5241d3e62,True,48f28df6-2eab-490b-acf4-1fc858a43c63,,"[""e0012238-e643-45b0-9aab-74b5241d3e62"",""regions"",90]",,90,regions,,179.0
,48f28df6-2eab-490b-acf4-1fc858a43c63,,,False,,,e0012238-e643-45b0-9aab-74b5241d3e62,True,48f28df6-2eab-490b-acf4-1fc858a43c63,,"[""e0012238-e643-45b0-9aab-74b5241d3e62"",""regions"",91]",,91,regions,,163.0
,48f28df6-2eab-490b-acf4-1fc858a43c63,,,False,,,e0012238-e643-45b0-9aab-74b5241d3e62,True,48f28df6-2eab-490b-acf4-1fc858a43c63,,"[""e0012238-e643-45b0-9aab-74b5241d3e62"",""regions"",92]",,92,regions,,163.0
,48f28df6-2eab-490b-acf4-1fc858a43c63,,,False,,,e0012238-e643-45b0-9aab-74b5241d3e62,True,48f28df6-2eab-490b-acf4-1fc858a43c63,,"[""e0012238-e643-45b0-9aab-74b5241d3e62"",""regions"",93]",,93,regions,,200.0
,48f28df6-2eab-490b-acf4-1fc858a43c63,,,False,,,e0012238-e643-45b0-9aab-74b5241d3e62,True,48f28df6-2eab-490b-acf4-1fc858a43c63,,"[""e0012238-e643-45b0-9aab-74b5241d3e62"",""regions"",94]",,94,regions,,89.0
,48f28df6-2eab-490b-acf4-1fc858a43c63,,,False,,,e0012238-e643-45b0-9aab-74b5241d3e62,True,48f28df6-2eab-490b-acf4-1fc858a43c63,,"[""e0012238-e643-45b0-9aab-74b5241d3e62"",""regions"",95]",,95,regions,,189.0
,48f28df6-2eab-490b-acf4-1fc858a43c63,,,False,,,e0012238-e643-45b0-9aab-74b5241d3e62,True,48f28df6-2eab-490b-acf4-1fc858a43c63,,"[""e0012238-e643-45b0-9aab-74b5241d3e62"",""regions"",96]",,96,regions,,180.0
,48f28df6-2eab-490b-acf4-1fc858a43c63,,,False,,,e0012238-e643-45b0-9aab-74b5241d3e62,True,48f28df6-2eab-490b-acf4-1fc858a43c63,,"[""e0012238-e643-45b0-9aab-74b5241d3e62"",""regions"",97]",,97,regions,,230.0
,48f28df6-2eab-490b-acf4-1fc858a43c63,,,False,,,e0012238-e643-45b0-9aab-74b5241d3e62,True,48f28df6-2eab-490b-acf4-1fc858a43c63,,"[""e0012238-e643-45b0-9aab-74b5241d3e62"",""regions"",98]",,98,regions,,214.0
,48f28df6-2eab-490b-acf4-1fc858a43c63,,,False,,,e0012238-e643-45b0-9aab-74b5241d3e62,True,48f28df6-2eab-490b-acf4-1fc858a43c63,,"[""e0012238-e643-45b0-9aab-74b5241d3e62"",""regions"",99]",,99,regions,,191.0
,48f28df6-2eab-490b-acf4-1fc858a43c63,,,False,,,e0012238-e643-45b0-9aab-74b5241d3e62,True,48f28df6-2eab-490b-acf4-1fc858a43c63,,"[""e0012238-e643-45b0-9aab-74b5241d3e62"",""regions"",100]",,100,regions,,261.0
,48f28df6-2eab-490b-acf4-1fc858a43c63,,,False,,,e0012238-e643-45b0-9aab-74b5241d3e62,True,48f28df6-2eab-490b-acf4-1fc858a43c63,,"[""e0012238-e643-45b0-9aab-74b5241d3e62"",""regions"",101]",,101,regions,,175.0
,48f28df6-2eab-490b-acf4-1fc858a43c63,,,False,,,e0012238-e643-45b0-9aab-74b5241d3e62,True,48f28df6-2eab-490b-acf4-1fc858a43c63,,"[""e0012238-e643-45b0-9aab-74b5241d3e62"",""regions"",102]",,102,regions,,188.0
,48f28df6-2eab-490b-acf4-1fc858a43c63,,,False,,,e0012238-e643-45b0-9aab-74b5241d3e62,True,48f28df6-2eab-490b-acf4-1fc858a43c63,,"[""e0012238-e643-45b0-9aab-74b5241d3e62"",""regions"",103]",,103,regions,,212.0
,48f28df6-2eab-490b-acf4-1fc858a43c63,,,False,,,e0012238-e643-45b0-9aab-74b5241d3e62,True,48f28df6-2eab-490b-acf4-1fc858a43c63,,"[""e0012238-e643-45b0-9aab-74b5241d3e62"",""regions"",104]",,104,regions,,189.0
,48f28df6-2eab-490b-acf4-1fc858a43c63,,,False,,,e0012238-e643-45b0-9aab-74b5241d3e62,True,48f28df6-2eab-490b-acf4-1fc858a43c63,,"[""e0012238-e643-45b0-9aab-74b5241d3e62"",""regions"",105]",,105,regions,,202.0
,48f28df6-2eab-490b-acf4-1fc858a43c63,,,False,,,e0012238-e643-45b0-9aab-74b5241d3e62,True,48f28df6-2eab-490b-acf4-1fc858a43c63,,"[""e0012238-e643-45b0-9aab-74b5241d3e62"",""regions"",106]",,106,regions,,133.0
,48f28df6-2eab-490b-acf4-1fc858a43c63,,,False,,,e0012238-e643-45b0-9aab-74b5241d3e62,True,48f28df6-2eab-490b-acf4-1fc858a43c63,,"[""e0012238-e643-45b0-9aab-74b5241d3e62"",""regions"",107]",,107,regions,,195.0
,48f28df6-2eab-490b-acf4-1fc858a43c63,,,False,,,e0012238-e643-45b0-9aab-74b5241d3e62,True,48f28df6-2eab-490b-acf4-1fc858a43c63,,"[""e0012238-e643-45b0-9aab-74b5241d3e62"",""regions"",108]",,108,regions,,217.0
,48f28df6-2eab-490b-acf4-1fc858a43c63,,,False,,,e0012238-e643-45b0-9aab-74b5241d3e62,True,48f28df6-2eab-490b-acf4-1fc858a43c63,,"[""e0012238-e643-45b0-9aab-74b5241d3e62"",""regions"",109]",,109,regions,,160.0
,48f28df6-2eab-490b-acf4-1fc858a43c63,,,False,,,e0012238-e643-45b0-9aab-74b5241d3e62,True,48f28df6-2eab-490b-acf4-1fc858a43c63,,"[""e0012238-e643-45b0-9aab-74b5241d3e62"",""regions"",110]",,110,regions,,145.0
,48f28df6-2eab-490b-acf4-1fc858a43c63,,,False,,,e0012238-e643-45b0-9aab-74b5241d3e62,True,48f28df6-2eab-490b-acf4-1fc858a43c63,,"[""e0012238-e643-45b0-9aab-74b5241d3e62"",""regions"",111]",,111,regions,,192.0
,48f28df6-2eab-490b-acf4-1fc858a43c63,,,False,,,e0012238-e643-45b0-9aab-74b5241d3e62,True,48f28df6-2eab-490b-acf4-1fc858a43c63,,"[""e0012238-e643-45b0-9aab-74b5241d3e62"",""regions"",112]",,112,regions,,215.0
,48f28df6-2eab-490b-acf4-1fc858a43c63,,,False,,,e0012238-e643-45b0-9aab-74b5241d3e62,True,48f28df6-2eab-490b-acf4-1fc858a43c63,,"[""e0012238-e643-45b0-9aab-74b5241d3e62"",""regions"",113]",,113,regions,,177.0
,48f28df6-2eab-490b-acf4-1fc858a43c63,,,False,,,e0012238-e643-45b0-9aab-74b5241d3e62,True,48f28df6-2eab-490b-acf4-1fc858a43c63,,"[""e0012238-e643-45b0-9aab-74b5241d3e62"",""regions"",114]",,114,regions,,202.0
,48f28df6-2eab-490b-acf4-1fc858a43c63,,,False,,,e0012238-e643-45b0-9aab-74b5241d3e62,True,48f28df6-2eab-490b-acf4-1fc858a43c63,,"[""e0012238-e643-45b0-9aab-74b5241d3e62"",""regions"",115]",,115,regions,,117.0
,48f28df6-2eab-490b-acf4-1fc858a43c63,,,False,,,e0012238-e643-45b0-9aab-74b5241d3e62,True,48f28df6-2eab-490b-acf4-1fc858a43c63,,"[""e0012238-e643-45b0-9aab-74b5241d3e62"",""regions"",116]",,116,regions,,197.0
,48f28df6-2eab-490b-acf4-1fc858a43c63,,,False,,,e0012238-e643-45b0-9aab-74b5241d3e62,True,48f28df6-2eab-490b-acf4-1fc858a43c63,,"[""e0012238-e643-45b0-9aab-74b5241d3e62"",""regions"",117]",,117,regions,,157.0
,48f28df6-2eab-490b-acf4-1fc858a43c63,,,False,,,e0012238-e643-45b0-9aab-74b5241d3e62,True,48f28df6-2eab-490b-acf4-1fc858a43c63,,"[""e0012238-e643-45b0-9aab-74b5241d3e62"",""regions"",118]",,118,regions,,213.0
,48f28df6-2eab-490b-acf4-1fc858a43c63,,,False,,,e0012238-e643-45b0-9aab-74b5241d3e62,True,48f28df6-2eab-490b-acf4-1fc858a43c63,,"[""e0012238-e643-45b0-9aab-74b5241d3e62"",""regions"",119]",,119,regions,,191.0
,48f28df6-2eab-490b-acf4-1fc858a43c63,,,False,,,e0012238-e643-45b0-9aab-74b5241d3e62,True,48f28df6-2eab-490b-acf4-1fc858a43c63,,"[""e0012238-e643-45b0-9aab-74b5241d3e62"",""regions"",120]",,120,regions,,263.0
,48f28df6-2eab-490b-acf4-1fc858a43c63,,,False,,,e0012238-e643-45b0-9aab-74b5241d3e62,True,48f28df6-2eab-490b-acf4-1fc858a43c63,,"[""e0012238-e643-45b0-9aab-74b5241d3e62"",""regions"",121]",,121,regions,,194.0
,48f28df6-2eab-490b-acf4-1fc858a43c63,,,False,,,e0012238-e643-45b0-9aab-74b5241d3e62,True,48f28df6-2eab-490b-acf4-1fc858a43c63,,"[""e0012238-e643-45b0-9aab-74b5241d3e62"",""regions"",122]",,122,regions,,203.0
,48f28df6-2eab-490b-acf4-1fc858a43c63,,,False,,,e0012238-e643-45b0-9aab-74b5241d3e62,True,48f28df6-2eab-490b-acf4-1fc858a43c63,,"[""e0012238-e643-45b0-9aab-74b5241d3e62"",""regions"",123]",,123,regions,,186.0
,48f28df6-2eab-490b-acf4-1fc858a43c63,,,False,,,e0012238-e643-45b0-9aab-74b5241d3e62,True,48f28df6-2eab-490b-acf4-1fc858a43c63,,"[""e0012238-e643-45b0-9aab-74b5241d3e62"",""regions"",124]",,124,regions,,123.0
,48f28df6-2eab-490b-acf4-1fc858a43c63,,,False,,,e0012238-e643-45b0-9aab-74b5241d3e62,True,48f28df6-2eab-490b-acf4-1fc858a43c63,,"[""e0012238-e643-45b0-9aab-74b5241d3e62"",""regions"",125]",,125,regions,,131.0
,48f28df6-2eab-490b-acf4-1fc858a43c63,,,False,,,e0012238-e643-45b0-9aab-74b5241d3e62,True,48f28df6-2eab-490b-acf4-1fc858a43c63,,"[""e0012238-e643-45b0-9aab-74b5241d3e62"",""regions"",126]",,126,regions,,197.0
,48f28df6-2eab-490b-acf4-1fc858a43c63,,,False,,,e0012238-e643-45b0-9aab-74b5241d3e62,True,48f28df6-2eab-490b-acf4-1fc858a43c63,,"[""e0012238-e643-45b0-9aab-74b5241d3e62"",""regions"",127]",,127,regions,,300.0
,48f28df6-2eab-490b-acf4-1fc858a43c63,,,False,,,e0012238-e643-45b0-9aab-74b5241d3e62,True,48f28df6-2eab-490b-acf4-1fc858a43c63,,"[""e0012238-e643-45b0-9aab-74b5241d3e62"",""regions"",128]",,128,regions,,203.0
,48f28df6-2eab-490b-acf4-1fc858a43c63,,,False,,,e0012238-e643-45b0-9aab-74b5241d3e62,True,48f28df6-2eab-490b-acf4-1fc858a43c63,,"[""e0012238-e643-45b0-9aab-74b5241d3e62"",""regions"",129]",,129,regions,,206.0
,48f28df6-2eab-490b-acf4-1fc858a43c63,,,False,,,e0012238-e643-45b0-9aab-74b5241d3e62,True,48f28df6-2eab-490b-acf4-1fc858a43c63,,"[""e0012238-e643-45b0-9aab-74b5241d3e62"",""regions"",130]",,130,regions,,214.0
,48f28df6-2eab-490b-acf4-1fc858a43c63,,,False,,,e0012238-e643-45b0-9aab-74b5241d3e62,True,48f28df6-2eab-490b-acf4-1fc858a43c63,,"[""e0012238-e643-45b0-9aab-74b5241d3e62"",""regions"",131]",,131,regions,,204.0
,48f28df6-2eab-490b-acf4-1fc858a43c63,,,False,,,e0012238-e643-45b0-9aab-74b5241d3e62,True,48f28df6-2eab-490b-acf4-1fc858a43c63,,"[""e0012238-e643-45b0-9aab-74b5241d3e62"",""regions"",132]",,132,regions,,207.0
,48f28df6-2eab-490b-acf4-1fc858a43c63,,,False,,,e0012238-e643-45b0-9aab-74b5241d3e62,True,48f28df6-2eab-490b-acf4-1fc858a43c63,,"[""e0012238-e643-45b0-9aab-74b5241d3e62"",""regions"",133]",,133,regions,,203.0
,48f28df6-2eab-490b-acf4-1fc858a43c63,,,False,,,e0012238-e643-45b0-9aab-74b5241d3e62,True,48f28df6-2eab-490b-acf4-1fc858a43c63,,"[""e0012238-e643-45b0-9aab-74b5241d3e62"",""regions"",134]",,134,regions,,231.0
,48f28df6-2eab-490b-acf4-1fc858a43c63,,,False,,,e0012238-e643-45b0-9aab-74b5241d3e62,True,48f28df6-2eab-490b-acf4-1fc858a43c63,,"[""e0012238-e643-45b0-9aab-74b5241d3e62"",""regions"",135]",,135,regions,,273.0
,48f28df6-2eab-490b-acf4-1fc858a43c63,,,False,,,e0012238-e643-45b0-9aab-74b5241d3e62,True,48f28df6-2eab-490b-acf4-1fc858a43c63,,"[""e0012238-e643-45b0-9aab-74b5241d3e62"",""regions"",136]",,136,regions,,261.0
,48f28df6-2eab-490b-acf4-1fc858a43c63,,,False,,,e0012238-e643-45b0-9aab-74b5241d3e62,True,48f28df6-2eab-490b-acf4-1fc858a43c63,,"[""e0012238-e643-45b0-9aab-74b5241d3e62"",""regions"",137]",,137,regions,,182.0
,48f28df6-2eab-490b-acf4-1fc858a43c63,,,False,,,e0012238-e643-45b0-9aab-74b5241d3e62,True,48f28df6-2eab-490b-acf4-1fc858a43c63,,"[""e0012238-e643-45b0-9aab-74b5241d3e62"",""regions"",138]",,138,regions,,168.0
,48f28df6-2eab-490b-acf4-1fc858a43c63,,,False,,,e0012238-e643-45b0-9aab-74b5241d3e62,True,48f28df6-2eab-490b-acf4-1fc858a43c63,,"[""e0012238-e643-45b0-9aab-74b5241d3e62"",""regions"",139]",,139,regions,,197.0
,48f28df6-2eab-490b-acf4-1fc858a43c63,,,False,,,e0012238-e643-45b0-9aab-74b5241d3e62,True,48f28df6-2eab-490b-acf4-1fc858a43c63,,"[""e0012238-e643-45b0-9aab-74b5241d3e62"",""regions"",140]",,140,regions,,235.0
,48f28df6-2eab-490b-acf4-1fc858a43c63,,,False,,,e0012238-e643-45b0-9aab-74b5241d3e62,True,48f28df6-2eab-490b-acf4-1fc858a43c63,,"[""e0012238-e643-45b0-9aab-74b5241d3e62"",""regions"",141]",,141,regions,,138.0
,48f28df6-2eab-490b-acf4-1fc858a43c63,,,False,,,e0012238-e643-45b0-9aab-74b5241d3e62,True,48f28df6-2eab-490b-acf4-1fc858a43c63,,"[""e0012238-e643-45b0-9aab-74b5241d3e62"",""regions"",142]",,142,regions,,186.0
,48f28df6-2eab-490b-acf4-1fc858a43c63,,,False,,,e0012238-e643-45b0-9aab-74b5241d3e62,True,48f28df6-2eab-490b-acf4-1fc858a43c63,,"[""e0012238-e643-45b0-9aab-74b5241d3e62"",""regions"",143]",,143,regions,,160.0
,48f28df6-2eab-490b-acf4-1fc858a43c63,,,False,,,e0012238-e643-45b0-9aab-74b5241d3e62,True,48f28df6-2eab-490b-acf4-1fc858a43c63,,"[""e0012238-e643-45b0-9aab-74b5241d3e62"",""regions"",144]",,144,regions,,226.0
,48f28df6-2eab-490b-acf4-1fc858a43c63,,,False,,,e0012238-e643-45b0-9aab-74b5241d3e62,True,48f28df6-2eab-490b-acf4-1fc858a43c63,,"[""e0012238-e643-45b0-9aab-74b5241d3e62"",""regions"",145]",,145,regions,,197.0
,48f28df6-2eab-490b-acf4-1fc858a43c63,,,False,,,e0012238-e643-45b0-9aab-74b5241d3e62,True,48f28df6-2eab-490b-acf4-1fc858a43c63,,"[""e0012238-e643-45b0-9aab-74b5241d3e62"",""regions"",146]",,146,regions,,239.0
,48f28df6-2eab-490b-acf4-1fc858a43c63,,,False,,,e0012238-e643-45b0-9aab-74b5241d3e62,True,48f28df6-2eab-490b-acf4-1fc858a43c63,,"[""e0012238-e643-45b0-9aab-74b5241d3e62"",""regions"",147]",,147,regions,,216.0
,48f28df6-2eab-490b-acf4-1fc858a43c63,,,False,,,e0012238-e643-45b0-9aab-74b5241d3e62,True,48f28df6-2eab-490b-acf4-1fc858a43c63,,"[""e0012238-e643-45b0-9aab-74b5241d3e62"",""regions"",148]",,148,regions,,263.0
,48f28df6-2eab-490b-acf4-1fc858a43c63,,,False,,,e0012238-e643-45b0-9aab-74b5241d3e62,True,48f28df6-2eab-490b-acf4-1fc858a43c63,,"[""e0012238-e643-45b0-9aab-74b5241d3e62"",""regions"",149]",,149,regions,,167.0
,48f28df6-2eab-490b-acf4-1fc858a43c63,,,False,,,e0012238-e643-45b0-9aab-74b5241d3e62,True,48f28df6-2eab-490b-acf4-1fc858a43c63,,"[""e0012238-e643-45b0-9aab-74b5241d3e62"",""regions"",150]",,150,regions,,186.0
,48f28df6-2eab-490b-acf4-1fc858a43c63,,,False,,,e0012238-e643-45b0-9aab-74b5241d3e62,True,48f28df6-2eab-490b-acf4-1fc858a43c63,,"[""e0012238-e643-45b0-9aab-74b5241d3e62"",""regions"",151]",,151,regions,,188.0
,48f28df6-2eab-490b-acf4-1fc858a43c63,,,False,,,e0012238-e643-45b0-9aab-74b5241d3e62,True,48f28df6-2eab-490b-acf4-1fc858a43c63,,"[""e0012238-e643-45b0-9aab-74b5241d3e62"",""regions"",152]",,152,regions,,104.0
,48f28df6-2eab-490b-acf4-1fc858a43c63,,,False,,,e0012238-e643-45b0-9aab-74b5241d3e62,True,48f28df6-2eab-490b-acf4-1fc858a43c63,,"[""e0012238-e643-45b0-9aab-74b5241d3e62"",""regions"",153]",,153,regions,,207.0
,48f28df6-2eab-490b-acf4-1fc858a43c63,,,False,,,e0012238-e643-45b0-9aab-74b5241d3e62,True,48f28df6-2eab-490b-acf4-1fc858a43c63,,"[""e0012238-e643-45b0-9aab-74b5241d3e62"",""regions"",154]",,154,regions,,202.0
,48f28df6-2eab-490b-acf4-1fc858a43c63,,,False,,,e0012238-e643-45b0-9aab-74b5241d3e62,True,48f28df6-2eab-490b-acf4-1fc858a43c63,,"[""e0012238-e643-45b0-9aab-74b5241d3e62"",""regions"",155]",,155,regions,,208.0
,48f28df6-2eab-490b-acf4-1fc858a43c63,,,False,,,e0012238-e643-45b0-9aab-74b5241d3e62,True,48f28df6-2eab-490b-acf4-1fc858a43c63,,"[""e0012238-e643-45b0-9aab-74b5241d3e62"",""regions"",156]",,156,regions,,166.0
,48f28df6-2eab-490b-acf4-1fc858a43c63,,,False,,,e0012238-e643-45b0-9aab-74b5241d3e62,True,48f28df6-2eab-490b-acf4-1fc858a43c63,,"[""e0012238-e643-45b0-9aab-74b5241d3e62"",""regions"",157]",,157,regions,,196.0
,48f28df6-2eab-490b-acf4-1fc858a43c63,,,False,,,e0012238-e643-45b0-9aab-74b5241d3e62,True,48f28df6-2eab-490b-acf4-1fc858a43c63,,"[""e0012238-e643-45b0-9aab-74b5241d3e62"",""regions"",158]",,158,regions,,255.0
,48f28df6-2eab-490b-acf4-1fc858a43c63,,,False,,,e0012238-e643-45b0-9aab-74b5241d3e62,True,48f28df6-2eab-490b-acf4-1fc858a43c63,,"[""e0012238-e643-45b0-9aab-74b5241d3e62"",""regions"",159]",,159,regions,,276.0
,48f28df6-2eab-490b-acf4-1fc858a43c63,,,False,,,e0012238-e643-45b0-9aab-74b5241d3e62,True,48f28df6-2eab-490b-acf4-1fc858a43c63,,"[""e0012238-e643-45b0-9aab-74b5241d3e62"",""regions"",160]",,160,regions,,260.0
,48f28df6-2eab-490b-acf4-1fc858a43c63,,,False,,,e0012238-e643-45b0-9aab-74b5241d3e62,True,48f28df6-2eab-490b-acf4-1fc858a43c63,,"[""e0012238-e643-45b0-9aab-74b5241d3e62"",""regions"",161]",,161,regions,,279.0
,48f28df6-2eab-490b-acf4-1fc858a43c63,,,False,,,e0012238-e643-45b0-9aab-74b5241d3e62,True,48f28df6-2eab-490b-acf4-1fc858a43c63,,"[""e0012238-e643-45b0-9aab-74b5241d3e62"",""regions"",162]",,162,regions,,216.0
,48f28df6-2eab-490b-acf4-1fc858a43c63,,,False,,,e0012238-e643-45b0-9aab-74b5241d3e62,True,48f28df6-2eab-490b-acf4-1fc858a43c63,,"[""e0012238-e643-45b0-9aab-74b5241d3e62"",""regions"",163]",,163,regions,,189.0
,48f28df6-2eab-490b-acf4-1fc858a43c63,,,False,,,e0012238-e643-45b0-9aab-74b5241d3e62,True,48f28df6-2eab-490b-acf4-1fc858a43c63,,"[""e0012238-e643-45b0-9aab-74b5241d3e62"",""regions"",164]",,164,regions,,239.0
,48f28df6-2eab-490b-acf4-1fc858a43c63,,,False,,,e0012238-e643-45b0-9aab-74b5241d3e62,True,48f28df6-2eab-490b-acf4-1fc858a43c63,,"[""e0012238-e643-45b0-9aab-74b5241d3e62"",""regions"",165]",,165,regions,,168.0
,48f28df6-2eab-490b-acf4-1fc858a43c63,,,False,,,e0012238-e643-45b0-9aab-74b5241d3e62,True,48f28df6-2eab-490b-acf4-1fc858a43c63,,"[""e0012238-e643-45b0-9aab-74b5241d3e62"",""regions"",166]",,166,regions,,239.0
,48f28df6-2eab-490b-acf4-1fc858a43c63,,,False,,,e0012238-e643-45b0-9aab-74b5241d3e62,True,48f28df6-2eab-490b-acf4-1fc858a43c63,,"[""e0012238-e643-45b0-9aab-74b5241d3e62"",""regions"",167]",,167,regions,,214.0
,48f28df6-2eab-490b-acf4-1fc858a43c63,,,False,,,e0012238-e643-45b0-9aab-74b5241d3e62,True,48f28df6-2eab-490b-acf4-1fc858a43c63,,"[""e0012238-e643-45b0-9aab-74b5241d3e62"",""regions"",168]",,168,regions,,205.0
,48f28df6-2eab-490b-acf4-1fc858a43c63,,,False,,,e0012238-e643-45b0-9aab-74b5241d3e62,True,48f28df6-2eab-490b-acf4-1fc858a43c63,,"[""e0012238-e643-45b0-9aab-74b5241d3e62"",""regions"",169]",,169,regions,,216.0
,48f28df6-2eab-490b-acf4-1fc858a43c63,,,False,,,e0012238-e643-45b0-9aab-74b5241d3e62,True,48f28df6-2eab-490b-acf4-1fc858a43c63,,"[""e0012238-e643-45b0-9aab-74b5241d3e62"",""regions"",170]",,170,regions,,235.0
,48f28df6-2eab-490b-acf4-1fc858a43c63,,,False,,,e0012238-e643-45b0-9aab-74b5241d3e62,True,48f28df6-2eab-490b-acf4-1fc858a43c63,,"[""e0012238-e643-45b0-9aab-74b5241d3e62"",""regions"",171]",,171,regions,,190.0
,48f28df6-2eab-490b-acf4-1fc858a43c63,,,False,,,e0012238-e643-45b0-9aab-74b5241d3e62,True,48f28df6-2eab-490b-acf4-1fc858a43c63,,"[""e0012238-e643-45b0-9aab-74b5241d3e62"",""regions"",172]",,172,regions,,202.0
,48f28df6-2eab-490b-acf4-1fc858a43c63,,,False,,,e0012238-e643-45b0-9aab-74b5241d3e62,True,48f28df6-2eab-490b-acf4-1fc858a43c63,,"[""e0012238-e643-45b0-9aab-74b5241d3e62"",""regions"",173]",,173,regions,,182.0
,48f28df6-2eab-490b-acf4-1fc858a43c63,,,False,,,e0012238-e643-45b0-9aab-74b5241d3e62,True,48f28df6-2eab-490b-acf4-1fc858a43c63,,"[""e0012238-e643-45b0-9aab-74b5241d3e62"",""regions"",174]",,174,regions,,246.0
,48f28df6-2eab-490b-acf4-1fc858a43c63,,,False,,,e0012238-e643-45b0-9aab-74b5241d3e62,True,48f28df6-2eab-490b-acf4-1fc858a43c63,,"[""e0012238-e643-45b0-9aab-74b5241d3e62"",""regions"",175]",,175,regions,,184.0
,48f28df6-2eab-490b-acf4-1fc858a43c63,,,False,,,e0012238-e643-45b0-9aab-74b5241d3e62,True,48f28df6-2eab-490b-acf4-1fc858a43c63,,"[""e0012238-e643-45b0-9aab-74b5241d3e62"",""regions"",176]",,176,regions,,169.0
,48f28df6-2eab-490b-acf4-1fc858a43c63,,,False,,,e0012238-e643-45b0-9aab-74b5241d3e62,True,48f28df6-2eab-490b-acf4-1fc858a43c63,,"[""e0012238-e643-45b0-9aab-74b5241d3e62"",""regions"",177]",,177,regions,,195.0
,48f28df6-2eab-490b-acf4-1fc858a43c63,,,False,,,e0012238-e643-45b0-9aab-74b5241d3e62,True,48f28df6-2eab-490b-acf4-1fc858a43c63,,"[""e0012238-e643-45b0-9aab-74b5241d3e62"",""regions"",178]",,178,regions,,236.0
,48f28df6-2eab-490b-acf4-1fc858a43c63,,,False,,,e0012238-e643-45b0-9aab-74b5241d3e62,True,48f28df6-2eab-490b-acf4-1fc858a43c63,,"[""e0012238-e643-45b0-9aab-74b5241d3e62"",""regions"",179]",,179,regions,,113.0
,48f28df6-2eab-490b-acf4-1fc858a43c63,,,False,,,e0012238-e643-45b0-9aab-74b5241d3e62,True,48f28df6-2eab-490b-acf4-1fc858a43c63,,"[""e0012238-e643-45b0-9aab-74b5241d3e62"",""regions"",180]",,180,regions,,178.0
,48f28df6-2eab-490b-acf4-1fc858a43c63,,,False,,,e0012238-e643-45b0-9aab-74b5241d3e62,True,48f28df6-2eab-490b-acf4-1fc858a43c63,,"[""e0012238-e643-45b0-9aab-74b5241d3e62"",""regions"",181]",,181,regions,,150.0
,48f28df6-2eab-490b-acf4-1fc858a43c63,,,False,,,e0012238-e643-45b0-9aab-74b5241d3e62,True,48f28df6-2eab-490b-acf4-1fc858a43c63,,"[""e0012238-e643-45b0-9aab-74b5241d3e62"",""regions"",182]",,182,regions,,176.0
,48f28df6-2eab-490b-acf4-1fc858a43c63,,,False,,,e0012238-e643-45b0-9aab-74b5241d3e62,True,48f28df6-2eab-490b-acf4-1fc858a43c63,,"[""e0012238-e643-45b0-9aab-74b5241d3e62"",""regions"",183]",,183,regions,,182.0
,48f28df6-2eab-490b-acf4-1fc858a43c63,,,False,,,e0012238-e643-45b0-9aab-74b5241d3e62,True,48f28df6-2eab-490b-acf4-1fc858a43c63,,"[""e0012238-e643-45b0-9aab-74b5241d3e62"",""regions"",184]",,184,regions,,250.0
,48f28df6-2eab-490b-acf4-1fc858a43c63,,,False,,,e0012238-e643-45b0-9aab-74b5241d3e62,True,48f28df6-2eab-490b-acf4-1fc858a43c63,,"[""e0012238-e643-45b0-9aab-74b5241d3e62"",""regions"",185]",,185,regions,,243.0
,48f28df6-2eab-490b-acf4-1fc858a43c63,,,False,,,e0012238-e643-45b0-9aab-74b5241d3e62,True,48f28df6-2eab-490b-acf4-1fc858a43c63,,"[""e0012238-e643-45b0-9aab-74b5241d3e62"",""regions"",186]",,186,regions,,112.0
,48f28df6-2eab-490b-acf4-1fc858a43c63,,,False,,,e0012238-e643-45b0-9aab-74b5241d3e62,True,48f28df6-2eab-490b-acf4-1fc858a43c63,,"[""e0012238-e643-45b0-9aab-74b5241d3e62"",""regions"",187]",,187,regions,,228.0
,48f28df6-2eab-490b-acf4-1fc858a43c63,,,False,,,e0012238-e643-45b0-9aab-74b5241d3e62,True,48f28df6-2eab-490b-acf4-1fc858a43c63,,"[""e0012238-e643-45b0-9aab-74b5241d3e62"",""regions"",188]",,188,regions,,139.0
,48f28df6-2eab-490b-acf4-1fc858a43c63,,,False,,,e0012238-e643-45b0-9aab-74b5241d3e62,True,48f28df6-2eab-490b-acf4-1fc858a43c63,,"[""e0012238-e643-45b0-9aab-74b5241d3e62"",""regions"",189]",,189,regions,,200.0
,48f28df6-2eab-490b-acf4-1fc858a43c63,,,False,,,e0012238-e643-45b0-9aab-74b5241d3e62,True,48f28df6-2eab-490b-acf4-1fc858a43c63,,"[""e0012238-e643-45b0-9aab-74b5241d3e62"",""regions"",190]",,190,regions,,258.0
,48f28df6-2eab-490b-acf4-1fc858a43c63,,,False,,,e0012238-e643-45b0-9aab-74b5241d3e62,True,48f28df6-2eab-490b-acf4-1fc858a43c63,,"[""e0012238-e643-45b0-9aab-74b5241d3e62"",""regions"",191]",,191,regions,,246.0
,48f28df6-2eab-490b-acf4-1fc858a43c63,,,False,,,e0012238-e643-45b0-9aab-74b5241d3e62,True,48f28df6-2eab-490b-acf4-1fc858a43c63,,"[""e0012238-e643-45b0-9aab-74b5241d3e62"",""regions"",192]",,192,regions,,204.0
,48f28df6-2eab-490b-acf4-1fc858a43c63,,,False,,,e0012238-e643-45b0-9aab-74b5241d3e62,True,48f28df6-2eab-490b-acf4-1fc858a43c63,,"[""e0012238-e643-45b0-9aab-74b5241d3e62"",""regions"",193]",,193,regions,,208.0
,48f28df6-2eab-490b-acf4-1fc858a43c63,,,False,,,e0012238-e643-45b0-9aab-74b5241d3e62,True,48f28df6-2eab-490b-acf4-1fc858a43c63,,"[""e0012238-e643-45b0-9aab-74b5241d3e62"",""regions"",194]",,194,regions,,134.0
,48f28df6-2eab-490b-acf4-1fc858a43c63,,,False,,,e0012238-e643-45b0-9aab-74b5241d3e62,True,48f28df6-2eab-490b-acf4-1fc858a43c63,,"[""e0012238-e643-45b0-9aab-74b5241d3e62"",""regions"",195]",,195,regions,,226.0
,48f28df6-2eab-490b-acf4-1fc858a43c63,,,False,,,e0012238-e643-45b0-9aab-74b5241d3e62,True,48f28df6-2eab-490b-acf4-1fc858a43c63,,"[""e0012238-e643-45b0-9aab-74b5241d3e62"",""regions"",196]",,196,regions,,222.0
,48f28df6-2eab-490b-acf4-1fc858a43c63,,,False,,,e0012238-e643-45b0-9aab-74b5241d3e62,True,48f28df6-2eab-490b-acf4-1fc858a43c63,,"[""e0012238-e643-45b0-9aab-74b5241d3e62"",""regions"",197]",,197,regions,,209.0
,48f28df6-2eab-490b-acf4-1fc858a43c63,,,False,,,e0012238-e643-45b0-9aab-74b5241d3e62,True,48f28df6-2eab-490b-acf4-1fc858a43c63,,"[""e0012238-e643-45b0-9aab-74b5241d3e62"",""regions"",198]",,198,regions,,191.0
,48f28df6-2eab-490b-acf4-1fc858a43c63,,,False,,,e0012238-e643-45b0-9aab-74b5241d3e62,True,48f28df6-2eab-490b-acf4-1fc858a43c63,,"[""e0012238-e643-45b0-9aab-74b5241d3e62"",""regions"",199]",,199,regions,,223.0
,48f28df6-2eab-490b-acf4-1fc858a43c63,,,False,,,e0012238-e643-45b0-9aab-74b5241d3e62,True,48f28df6-2eab-490b-acf4-1fc858a43c63,,"[""e0012238-e643-45b0-9aab-74b5241d3e62"",""regions"",200]",,200,regions,,138.0
,48f28df6-2eab-490b-acf4-1fc858a43c63,,,False,,,e0012238-e643-45b0-9aab-74b5241d3e62,True,48f28df6-2eab-490b-acf4-1fc858a43c63,,"[""e0012238-e643-45b0-9aab-74b5241d3e62"",""regions"",201]",,201,regions,,186.0
,48f28df6-2eab-490b-acf4-1fc858a43c63,,,False,,,e0012238-e643-45b0-9aab-74b5241d3e62,True,48f28df6-2eab-490b-acf4-1fc858a43c63,,"[""e0012238-e643-45b0-9aab-74b5241d3e62"",""regions"",202]",,202,regions,,201.0
,48f28df6-2eab-490b-acf4-1fc858a43c63,,,False,,,e0012238-e643-45b0-9aab-74b5241d3e62,True,48f28df6-2eab-490b-acf4-1fc858a43c63,,"[""e0012238-e643-45b0-9aab-74b5241d3e62"",""regions"",203]",,203,regions,,178.0
,48f28df6-2eab-490b-acf4-1fc858a43c63,,,False,,,e0012238-e643-45b0-9aab-74b5241d3e62,True,48f28df6-2eab-490b-acf4-1fc858a43c63,,"[""e0012238-e643-45b0-9aab-74b5241d3e62"",""regions"",204]",,204,regions,,114.0
,48f28df6-2eab-490b-acf4-1fc858a43c63,,,False,,,e0012238-e643-45b0-9aab-74b5241d3e62,True,48f28df6-2eab-490b-acf4-1fc858a43c63,,"[""e0012238-e643-45b0-9aab-74b5241d3e62"",""regions"",205]",,205,regions,,114.0
,48f28df6-2eab-490b-acf4-1fc858a43c63,,,False,,,e0012238-e643-45b0-9aab-74b5241d3e62,True,48f28df6-2eab-490b-acf4-1fc858a43c63,,"[""e0012238-e643-45b0-9aab-74b5241d3e62"",""regions"",206]",,206,regions,,77.0
,48f28df6-2eab-490b-acf4-1fc858a43c63,,,False,,,e0012238-e643-45b0-9aab-74b5241d3e62,True,48f28df6-2eab-490b-acf4-1fc858a43c63,,"[""e0012238-e643-45b0-9aab-74b5241d3e62"",""regions"",207]",,207,regions,,255.0
,48f28df6-2eab-490b-acf4-1fc858a43c63,,,False,,,e0012238-e643-45b0-9aab-74b5241d3e62,True,48f28df6-2eab-490b-acf4-1fc858a43c63,,"[""e0012238-e643-45b0-9aab-74b5241d3e62"",""regions"",208]",,208,regions,,202.0
,48f28df6-2eab-490b-acf4-1fc858a43c63,,,False,,,e0012238-e643-45b0-9aab-74b5241d3e62,True,48f28df6-2eab-490b-acf4-1fc858a43c63,,"[""e0012238-e643-45b0-9aab-74b5241d3e62"",""regions"",209]",,209,regions,,166.0
,48f28df6-2eab-490b-acf4-1fc858a43c63,,,False,,,e0012238-e643-45b0-9aab-74b5241d3e62,True,48f28df6-2eab-490b-acf4-1fc858a43c63,,"[""e0012238-e643-45b0-9aab-74b5241d3e62"",""regions"",210]",,210,regions,,161.0
,48f28df6-2eab-490b-acf4-1fc858a43c63,,,False,,,e0012238-e643-45b0-9aab-74b5241d3e62,True,48f28df6-2eab-490b-acf4-1fc858a43c63,,"[""e0012238-e643-45b0-9aab-74b5241d3e62"",""regions"",211]",,211,regions,,122.0
,48f28df6-2eab-490b-acf4-1fc858a43c63,,,False,,,e0012238-e643-45b0-9aab-74b5241d3e62,True,48f28df6-2eab-490b-acf4-1fc858a43c63,,"[""e0012238-e643-45b0-9aab-74b5241d3e62"",""regions"",212]",,212,regions,,141.0
,48f28df6-2eab-490b-acf4-1fc858a43c63,,,False,,,e0012238-e643-45b0-9aab-74b5241d3e62,True,48f28df6-2eab-490b-acf4-1fc858a43c63,,"[""e0012238-e643-45b0-9aab-74b5241d3e62"",""regions"",213]",,213,regions,,288.0
,48f28df6-2eab-490b-acf4-1fc858a43c63,,,False,,,e0012238-e643-45b0-9aab-74b5241d3e62,True,48f28df6-2eab-490b-acf4-1fc858a43c63,,"[""e0012238-e643-45b0-9aab-74b5241d3e62"",""regions"",214]",,214,regions,,198.0
,48f28df6-2eab-490b-acf4-1fc858a43c63,,,False,,,e0012238-e643-45b0-9aab-74b5241d3e62,True,48f28df6-2eab-490b-acf4-1fc858a43c63,,"[""e0012238-e643-45b0-9aab-74b5241d3e62"",""regions"",215]",,215,regions,,318.0
,48f28df6-2eab-490b-acf4-1fc858a43c63,,,False,,,e0012238-e643-45b0-9aab-74b5241d3e62,True,48f28df6-2eab-490b-acf4-1fc858a43c63,,"[""e0012238-e643-45b0-9aab-74b5241d3e62"",""regions"",216]",,216,regions,,129.0
,48f28df6-2eab-490b-acf4-1fc858a43c63,,,False,,,e0012238-e643-45b0-9aab-74b5241d3e62,True,48f28df6-2eab-490b-acf4-1fc858a43c63,,"[""e0012238-e643-45b0-9aab-74b5241d3e62"",""regions"",217]",,217,regions,,205.0
,48f28df6-2eab-490b-acf4-1fc858a43c63,,,False,,,e0012238-e643-45b0-9aab-74b5241d3e62,True,48f28df6-2eab-490b-acf4-1fc858a43c63,,"[""e0012238-e643-45b0-9aab-74b5241d3e62"",""regions"",218]",,218,regions,,211.0
,48f28df6-2eab-490b-acf4-1fc858a43c63,,,False,,,e0012238-e643-45b0-9aab-74b5241d3e62,True,48f28df6-2eab-490b-acf4-1fc858a43c63,,"[""e0012238-e643-45b0-9aab-74b5241d3e62"",""regions"",219]",,219,regions,,272.0
,48f28df6-2eab-490b-acf4-1fc858a43c63,,,False,,,e0012238-e643-45b0-9aab-74b5241d3e62,True,48f28df6-2eab-490b-acf4-1fc858a43c63,,"[""e0012238-e643-45b0-9aab-74b5241d3e62"",""regions"",220]",,220,regions,,173.0
,48f28df6-2eab-490b-acf4-1fc858a43c63,,,False,,,e0012238-e643-45b0-9aab-74b5241d3e62,True,48f28df6-2eab-490b-acf4-1fc858a43c63,,"[""e0012238-e643-45b0-9aab-74b5241d3e62"",""regions"",221]",,221,regions,,76.0
,48f28df6-2eab-490b-acf4-1fc858a43c63,,,False,,,e0012238-e643-45b0-9aab-74b5241d3e62,True,48f28df6-2eab-490b-acf4-1fc858a43c63,,"[""e0012238-e643-45b0-9aab-74b5241d3e62"",""regions"",222]",,222,regions,,183.0
,48f28df6-2eab-490b-acf4-1fc858a43c63,,,False,,,e0012238-e643-45b0-9aab-74b5241d3e62,True,48f28df6-2eab-490b-acf4-1fc858a43c63,,"[""e0012238-e643-45b0-9aab-74b5241d3e62"",""regions"",223]",,223,regions,,100.0
,48f28df6-2eab-490b-acf4-1fc858a43c63,,,False,,,e0012238-e643-45b0-9aab-74b5241d3e62,True,48f28df6-2eab-490b-acf4-1fc858a43c63,,"[""e0012238-e643-45b0-9aab-74b5241d3e62"",""regions"",224]",,224,regions,,170.0
,48f28df6-2eab-490b-acf4-1fc858a43c63,,,False,,,e0012238-e643-45b0-9aab-74b5241d3e62,True,48f28df6-2eab-490b-acf4-1fc858a43c63,,"[""e0012238-e643-45b0-9aab-74b5241d3e62"",""regions"",225]",,225,regions,,160.0
,48f28df6-2eab-490b-acf4-1fc858a43c63,,,False,,,e0012238-e643-45b0-9aab-74b5241d3e62,True,48f28df6-2eab-490b-acf4-1fc858a43c63,,"[""e0012238-e643-45b0-9aab-74b5241d3e62"",""regions"",226]",,226,regions,,260.0
,48f28df6-2eab-490b-acf4-1fc858a43c63,,,False,,,e0012238-e643-45b0-9aab-74b5241d3e62,True,48f28df6-2eab-490b-acf4-1fc858a43c63,,"[""e0012238-e643-45b0-9aab-74b5241d3e62"",""regions"",227]",,227,regions,,180.0
,48f28df6-2eab-490b-acf4-1fc858a43c63,,,False,,,e0012238-e643-45b0-9aab-74b5241d3e62,True,48f28df6-2eab-490b-acf4-1fc858a43c63,,"[""e0012238-e643-45b0-9aab-74b5241d3e62"",""regions"",228]",,228,regions,,92.0
,48f28df6-2eab-490b-acf4-1fc858a43c63,,,False,,,e0012238-e643-45b0-9aab-74b5241d3e62,True,48f28df6-2eab-490b-acf4-1fc858a43c63,,"[""e0012238-e643-45b0-9aab-74b5241d3e62"",""regions"",229]",,229,regions,,156.0
,48f28df6-2eab-490b-acf4-1fc858a43c63,,,False,,,e0012238-e643-45b0-9aab-74b5241d3e62,True,48f28df6-2eab-490b-acf4-1fc858a43c63,,"[""e0012238-e643-45b0-9aab-74b5241d3e62"",""regions"",230]",,230,regions,,124.0
,48f28df6-2eab-490b-acf4-1fc858a43c63,,,False,,,e0012238-e643-45b0-9aab-74b5241d3e62,True,48f28df6-2eab-490b-acf4-1fc858a43c63,,"[""e0012238-e643-45b0-9aab-74b5241d3e62"",""regions"",231]",,231,regions,,295.0
,48f28df6-2eab-490b-acf4-1fc858a43c63,,,False,,,e0012238-e643-45b0-9aab-74b5241d3e62,True,48f28df6-2eab-490b-acf4-1fc858a43c63,,"[""e0012238-e643-45b0-9aab-74b5241d3e62"",""regions"",232]",,232,regions,,181.0
,48f28df6-2eab-490b-acf4-1fc858a43c63,,,False,,,e0012238-e643-45b0-9aab-74b5241d3e62,True,48f28df6-2eab-490b-acf4-1fc858a43c63,,"[""e0012238-e643-45b0-9aab-74b5241d3e62"",""regions"",233]",,233,regions,,212.0
,48f28df6-2eab-490b-acf4-1fc858a43c63,,,False,,,e0012238-e643-45b0-9aab-74b5241d3e62,True,48f28df6-2eab-490b-acf4-1fc858a43c63,,"[""e0012238-e643-45b0-9aab-74b5241d3e62"",""regions"",234]",,234,regions,,243.0
,48f28df6-2eab-490b-acf4-1fc858a43c63,,,False,,,e0012238-e643-45b0-9aab-74b5241d3e62,True,48f28df6-2eab-490b-acf4-1fc858a43c63,,"[""e0012238-e643-45b0-9aab-74b5241d3e62"",""regions"",235]",,235,regions,,236.0
,48f28df6-2eab-490b-acf4-1fc858a43c63,,,False,,,e0012238-e643-45b0-9aab-74b5241d3e62,True,48f28df6-2eab-490b-acf4-1fc858a43c63,,"[""e0012238-e643-45b0-9aab-74b5241d3e62"",""regions"",236]",,236,regions,,223.0
,48f28df6-2eab-490b-acf4-1fc858a43c63,,,False,,,e0012238-e643-45b0-9aab-74b5241d3e62,True,48f28df6-2eab-490b-acf4-1fc858a43c63,,"[""e0012238-e643-45b0-9aab-74b5241d3e62"",""regions"",237]",,237,regions,,293.0
,48f28df6-2eab-490b-acf4-1fc858a43c63,,,False,,,e0012238-e643-45b0-9aab-74b5241d3e62,True,48f28df6-2eab-490b-acf4-1fc858a43c63,,"[""e0012238-e643-45b0-9aab-74b5241d3e62"",""regions"",238]",,238,regions,,155.0
,48f28df6-2eab-490b-acf4-1fc858a43c63,,,False,,,e0012238-e643-45b0-9aab-74b5241d3e62,True,48f28df6-2eab-490b-acf4-1fc858a43c63,,"[""e0012238-e643-45b0-9aab-74b5241d3e62"",""regions"",239]",,239,regions,,193.0
,48f28df6-2eab-490b-acf4-1fc858a43c63,,,False,,,e0012238-e643-45b0-9aab-74b5241d3e62,True,48f28df6-2eab-490b-acf4-1fc858a43c63,,"[""e0012238-e643-45b0-9aab-74b5241d3e62"",""regions"",240]",,240,regions,,170.0
,48f28df6-2eab-490b-acf4-1fc858a43c63,,,False,,,e0012238-e643-45b0-9aab-74b5241d3e62,True,48f28df6-2eab-490b-acf4-1fc858a43c63,,"[""e0012238-e643-45b0-9aab-74b5241d3e62"",""regions"",241]",,241,regions,,230.0
,48f28df6-2eab-490b-acf4-1fc858a43c63,,,False,,,e0012238-e643-45b0-9aab-74b5241d3e62,True,48f28df6-2eab-490b-acf4-1fc858a43c63,,"[""e0012238-e643-45b0-9aab-74b5241d3e62"",""regions"",242]",,242,regions,,176.0
,48f28df6-2eab-490b-acf4-1fc858a43c63,,,False,,,e0012238-e643-45b0-9aab-74b5241d3e62,True,48f28df6-2eab-490b-acf4-1fc858a43c63,,"[""e0012238-e643-45b0-9aab-74b5241d3e62"",""regions"",243]",,243,regions,,268.0
,48f28df6-2eab-490b-acf4-1fc858a43c63,,,False,,,e0012238-e643-45b0-9aab-74b5241d3e62,True,48f28df6-2eab-490b-acf4-1fc858a43c63,,"[""e0012238-e643-45b0-9aab-74b5241d3e62"",""regions"",244]",,244,regions,,269.0
,48f28df6-2eab-490b-acf4-1fc858a43c63,,,False,,,e0012238-e643-45b0-9aab-74b5241d3e62,True,48f28df6-2eab-490b-acf4-1fc858a43c63,,"[""e0012238-e643-45b0-9aab-74b5241d3e62"",""regions"",245]",,245,regions,,200.0
,48f28df6-2eab-490b-acf4-1fc858a43c63,,,False,,,e0012238-e643-45b0-9aab-74b5241d3e62,True,48f28df6-2eab-490b-acf4-1fc858a43c63,,"[""e0012238-e643-45b0-9aab-74b5241d3e62"",""regions"",246]",,246,regions,,161.0
,48f28df6-2eab-490b-acf4-1fc858a43c63,,,False,,,e0012238-e643-45b0-9aab-74b5241d3e62,True,48f28df6-2eab-490b-acf4-1fc858a43c63,,"[""e0012238-e643-45b0-9aab-74b5241d3e62"",""regions"",247]",,247,regions,,189.0
,48f28df6-2eab-490b-acf4-1fc858a43c63,,,False,,,e0012238-e643-45b0-9aab-74b5241d3e62,True,48f28df6-2eab-490b-acf4-1fc858a43c63,,"[""e0012238-e643-45b0-9aab-74b5241d3e62"",""regions"",248]",,248,regions,,232.0
,48f28df6-2eab-490b-acf4-1fc858a43c63,,,False,,,e0012238-e643-45b0-9aab-74b5241d3e62,True,48f28df6-2eab-490b-acf4-1fc858a43c63,,"[""e0012238-e643-45b0-9aab-74b5241d3e62"",""regions"",249]",,249,regions,,218.0
,48f28df6-2eab-490b-acf4-1fc858a43c63,,,False,,,e0012238-e643-45b0-9aab-74b5241d3e62,True,48f28df6-2eab-490b-acf4-1fc858a43c63,,"[""e0012238-e643-45b0-9aab-74b5241d3e62"",""regions"",250]",,250,regions,,169.0
,48f28df6-2eab-490b-acf4-1fc858a43c63,,,False,,,e0012238-e643-45b0-9aab-74b5241d3e62,True,48f28df6-2eab-490b-acf4-1fc858a43c63,,"[""e0012238-e643-45b0-9aab-74b5241d3e62"",""regions"",251]",,251,regions,,213.0
,48f28df6-2eab-490b-acf4-1fc858a43c63,,,False,,,e0012238-e643-45b0-9aab-74b5241d3e62,True,48f28df6-2eab-490b-acf4-1fc858a43c63,,"[""e0012238-e643-45b0-9aab-74b5241d3e62"",""regions"",252]",,252,regions,,209.0
,48f28df6-2eab-490b-acf4-1fc858a43c63,,,False,,,e0012238-e643-45b0-9aab-74b5241d3e62,True,48f28df6-2eab-490b-acf4-1fc858a43c63,,"[""e0012238-e643-45b0-9aab-74b5241d3e62"",""regions"",253]",,253,regions,,242.0
,48f28df6-2eab-490b-acf4-1fc858a43c63,,,False,,,e0012238-e643-45b0-9aab-74b5241d3e62,True,48f28df6-2eab-490b-acf4-1fc858a43c63,,"[""e0012238-e643-45b0-9aab-74b5241d3e62"",""regions"",254]",,254,regions,,193.0
,48f28df6-2eab-490b-acf4-1fc858a43c63,,,False,,,e0012238-e643-45b0-9aab-74b5241d3e62,True,48f28df6-2eab-490b-acf4-1fc858a43c63,,"[""e0012238-e643-45b0-9aab-74b5241d3e62"",""regions"",255]",,255,regions,,221.0
,48f28df6-2eab-490b-acf4-1fc858a43c63,,,False,,,e0012238-e643-45b0-9aab-74b5241d3e62,True,48f28df6-2eab-490b-acf4-1fc858a43c63,,"[""e0012238-e643-45b0-9aab-74b5241d3e62"",""regions"",256]",,256,regions,,277.0
,48f28df6-2eab-490b-acf4-1fc858a43c63,,,False,,,e0012238-e643-45b0-9aab-74b5241d3e62,True,48f28df6-2eab-490b-acf4-1fc858a43c63,,"[""e0012238-e643-45b0-9aab-74b5241d3e62"",""regions"",257]",,257,regions,,204.0
,48f28df6-2eab-490b-acf4-1fc858a43c63,,,False,,,e0012238-e643-45b0-9aab-74b5241d3e62,True,48f28df6-2eab-490b-acf4-1fc858a43c63,,"[""e0012238-e643-45b0-9aab-74b5241d3e62"",""regions"",258]",,258,regions,,189.0
,48f28df6-2eab-490b-acf4-1fc858a43c63,,,False,,,e0012238-e643-45b0-9aab-74b5241d3e62,True,48f28df6-2eab-490b-acf4-1fc858a43c63,,"[""e0012238-e643-45b0-9aab-74b5241d3e62"",""regions"",259]",,259,regions,,171.0
,48f28df6-2eab-490b-acf4-1fc858a43c63,,,False,,,e0012238-e643-45b0-9aab-74b5241d3e62,True,48f28df6-2eab-490b-acf4-1fc858a43c63,,"[""e0012238-e643-45b0-9aab-74b5241d3e62"",""regions"",260]",,260,regions,,176.0
,48f28df6-2eab-490b-acf4-1fc858a43c63,,,False,,,e0012238-e643-45b0-9aab-74b5241d3e62,True,48f28df6-2eab-490b-acf4-1fc858a43c63,,"[""e0012238-e643-45b0-9aab-74b5241d3e62"",""regions"",261]",,261,regions,,182.0
,48f28df6-2eab-490b-acf4-1fc858a43c63,,,False,,,e0012238-e643-45b0-9aab-74b5241d3e62,True,48f28df6-2eab-490b-acf4-1fc858a43c63,,"[""e0012238-e643-45b0-9aab-74b5241d3e62"",""regions"",262]",,262,regions,,236.0
,48f28df6-2eab-490b-acf4-1fc858a43c63,,,False,,,e0012238-e643-45b0-9aab-74b5241d3e62,True,48f28df6-2eab-490b-acf4-1fc858a43c63,,"[""e0012238-e643-45b0-9aab-74b5241d3e62"",""regions"",263]",,263,regions,,218.0
,48f28df6-2eab-490b-acf4-1fc858a43c63,,,False,,,e0012238-e643-45b0-9aab-74b5241d3e62,True,48f28df6-2eab-490b-acf4-1fc858a43c63,,"[""e0012238-e643-45b0-9aab-74b5241d3e62"",""regions"",264]",,264,regions,,141.0
,48f28df6-2eab-490b-acf4-1fc858a43c63,,,False,,,e0012238-e643-45b0-9aab-74b5241d3e62,True,48f28df6-2eab-490b-acf4-1fc858a43c63,,"[""e0012238-e643-45b0-9aab-74b5241d3e62"",""regions"",265]",,265,regions,,187.0
,48f28df6-2eab-490b-acf4-1fc858a43c63,,,False,,,e0012238-e643-45b0-9aab-74b5241d3e62,True,48f28df6-2eab-490b-acf4-1fc858a43c63,,"[""e0012238-e643-45b0-9aab-74b5241d3e62"",""regions"",266]",,266,regions,,277.0
,48f28df6-2eab-490b-acf4-1fc858a43c63,,,False,,,e0012238-e643-45b0-9aab-74b5241d3e62,True,48f28df6-2eab-490b-acf4-1fc858a43c63,,"[""e0012238-e643-45b0-9aab-74b5241d3e62"",""regions"",267]",,267,regions,,247.0
,48f28df6-2eab-490b-acf4-1fc858a43c63,,,False,,,e0012238-e643-45b0-9aab-74b5241d3e62,True,48f28df6-2eab-490b-acf4-1fc858a43c63,,"[""e0012238-e643-45b0-9aab-74b5241d3e62"",""regions"",268]",,268,regions,,249.0
,48f28df6-2eab-490b-acf4-1fc858a43c63,,,False,,,e0012238-e643-45b0-9aab-74b5241d3e62,True,48f28df6-2eab-490b-acf4-1fc858a43c63,,"[""e0012238-e643-45b0-9aab-74b5241d3e62"",""regions"",269]",,269,regions,,127.0
,48f28df6-2eab-490b-acf4-1fc858a43c63,,,False,,,e0012238-e643-45b0-9aab-74b5241d3e62,True,48f28df6-2eab-490b-acf4-1fc858a43c63,,"[""e0012238-e643-45b0-9aab-74b5241d3e62"",""regions"",270]",,270,regions,,299.0
,48f28df6-2eab-490b-acf4-1fc858a43c63,,,False,,,e0012238-e643-45b0-9aab-74b5241d3e62,True,48f28df6-2eab-490b-acf4-1fc858a43c63,,"[""e0012238-e643-45b0-9aab-74b5241d3e62"",""regions"",271]",,271,regions,,216.0
,48f28df6-2eab-490b-acf4-1fc858a43c63,,,False,,,e0012238-e643-45b0-9aab-74b5241d3e62,True,48f28df6-2eab-490b-acf4-1fc858a43c63,,"[""e0012238-e643-45b0-9aab-74b5241d3e62"",""regions"",272]",,272,regions,,272.0
,48f28df6-2eab-490b-acf4-1fc858a43c63,,,False,,,e0012238-e643-45b0-9aab-74b5241d3e62,True,48f28df6-2eab-490b-acf4-1fc858a43c63,,"[""e0012238-e643-45b0-9aab-74b5241d3e62"",""regions"",273]",,273,regions,,247.0
,48f28df6-2eab-490b-acf4-1fc858a43c63,,,False,,,e0012238-e643-45b0-9aab-74b5241d3e62,True,48f28df6-2eab-490b-acf4-1fc858a43c63,,"[""e0012238-e643-45b0-9aab-74b5241d3e62"",""regions"",274]",,274,regions,,93.0
,48f28df6-2eab-490b-acf4-1fc858a43c63,,,False,,,e0012238-e643-45b0-9aab-74b5241d3e62,True,48f28df6-2eab-490b-acf4-1fc858a43c63,,"[""e0012238-e643-45b0-9aab-74b5241d3e62"",""regions"",275]",,275,regions,,131.0
,48f28df6-2eab-490b-acf4-1fc858a43c63,,,False,,,e0012238-e643-45b0-9aab-74b5241d3e62,True,48f28df6-2eab-490b-acf4-1fc858a43c63,,"[""e0012238-e643-45b0-9aab-74b5241d3e62"",""regions"",276]",,276,regions,,107.0
,48f28df6-2eab-490b-acf4-1fc858a43c63,,,False,,,e0012238-e643-45b0-9aab-74b5241d3e62,True,48f28df6-2eab-490b-acf4-1fc858a43c63,,"[""e0012238-e643-45b0-9aab-74b5241d3e62"",""regions"",277]",,277,regions,,98.0
,48f28df6-2eab-490b-acf4-1fc858a43c63,,,False,,,e0012238-e643-45b0-9aab-74b5241d3e62,True,48f28df6-2eab-490b-acf4-1fc858a43c63,,"[""e0012238-e643-45b0-9aab-74b5241d3e62"",""regions"",278]",,278,regions,,271.0
,48f28df6-2eab-490b-acf4-1fc858a43c63,,,False,,,e0012238-e643-45b0-9aab-74b5241d3e62,True,48f28df6-2eab-490b-acf4-1fc858a43c63,,"[""e0012238-e643-45b0-9aab-74b5241d3e62"",""regions"",279]",,279,regions,,113.0
,48f28df6-2eab-490b-acf4-1fc858a43c63,,,False,,,e0012238-e643-45b0-9aab-74b5241d3e62,True,48f28df6-2eab-490b-acf4-1fc858a43c63,,"[""e0012238-e643-45b0-9aab-74b5241d3e62"",""regions"",280]",,280,regions,,162.0
,48f28df6-2eab-490b-acf4-1fc858a43c63,,,False,,,e0012238-e643-45b0-9aab-74b5241d3e62,True,48f28df6-2eab-490b-acf4-1fc858a43c63,,"[""e0012238-e643-45b0-9aab-74b5241d3e62"",""regions"",281]",,281,regions,,221.0
,48f28df6-2eab-490b-acf4-1fc858a43c63,,,False,,,e0012238-e643-45b0-9aab-74b5241d3e62,True,48f28df6-2eab-490b-acf4-1fc858a43c63,,"[""e0012238-e643-45b0-9aab-74b5241d3e62"",""regions"",282]",,282,regions,,311.0
,48f28df6-2eab-490b-acf4-1fc858a43c63,,,False,,,e0012238-e643-45b0-9aab-74b5241d3e62,True,48f28df6-2eab-490b-acf4-1fc858a43c63,,"[""e0012238-e643-45b0-9aab-74b5241d3e62"",""regions"",283]",,283,regions,,96.0
,48f28df6-2eab-490b-acf4-1fc858a43c63,,,False,,,e0012238-e643-45b0-9aab-74b5241d3e62,True,48f28df6-2eab-490b-acf4-1fc858a43c63,,"[""e0012238-e643-45b0-9aab-74b5241d3e62"",""regions"",284]",,284,regions,,38.0
,48f28df6-2eab-490b-acf4-1fc858a43c63,,,False,,,e0012238-e643-45b0-9aab-74b5241d3e62,True,48f28df6-2eab-490b-acf4-1fc858a43c63,,"[""e0012238-e643-45b0-9aab-74b5241d3e62"",""regions"",285]",,285,regions,,144.0
,48f28df6-2eab-490b-acf4-1fc858a43c63,,,False,,,e0012238-e643-45b0-9aab-74b5241d3e62,True,48f28df6-2eab-490b-acf4-1fc858a43c63,,"[""e0012238-e643-45b0-9aab-74b5241d3e62"",""regions"",286]",,286,regions,,225.0
,48f28df6-2eab-490b-acf4-1fc858a43c63,,,False,,,e0012238-e643-45b0-9aab-74b5241d3e62,True,48f28df6-2eab-490b-acf4-1fc858a43c63,,"[""e0012238-e643-45b0-9aab-74b5241d3e62"",""regions"",287]",,287,regions,,191.0
,48f28df6-2eab-490b-acf4-1fc858a43c63,,,False,,,e0012238-e643-45b0-9aab-74b5241d3e62,True,48f28df6-2eab-490b-acf4-1fc858a43c63,,"[""e0012238-e643-45b0-9aab-74b5241d3e62"",""regions"",288]",,288,regions,,173.0
,48f28df6-2eab-490b-acf4-1fc858a43c63,,,False,,,e0012238-e643-45b0-9aab-74b5241d3e62,True,48f28df6-2eab-490b-acf4-1fc858a43c63,,"[""e0012238-e643-45b0-9aab-74b5241d3e62"",""regions"",289]",,289,regions,,199.0
,48f28df6-2eab-490b-acf4-1fc858a43c63,,,False,,,e0012238-e643-45b0-9aab-74b5241d3e62,True,48f28df6-2eab-490b-acf4-1fc858a43c63,,"[""e0012238-e643-45b0-9aab-74b5241d3e62"",""regions"",290]",,290,regions,,192.0
,48f28df6-2eab-490b-acf4-1fc858a43c63,,,False,,,e0012238-e643-45b0-9aab-74b5241d3e62,True,48f28df6-2eab-490b-acf4-1fc858a43c63,,"[""e0012238-e643-45b0-9aab-74b5241d3e62"",""regions"",291]",,291,regions,,180.0
,48f28df6-2eab-490b-acf4-1fc858a43c63,,,False,,,e0012238-e643-45b0-9aab-74b5241d3e62,True,48f28df6-2eab-490b-acf4-1fc858a43c63,,"[""e0012238-e643-45b0-9aab-74b5241d3e62"",""regions"",292]",,292,regions,,99.0
,48f28df6-2eab-490b-acf4-1fc858a43c63,,,False,,,e0012238-e643-45b0-9aab-74b5241d3e62,True,48f28df6-2eab-490b-acf4-1fc858a43c63,,"[""e0012238-e643-45b0-9aab-74b5241d3e62"",""regions"",293]",,293,regions,,175.0
,48f28df6-2eab-490b-acf4-1fc858a43c63,,,False,,,e0012238-e643-45b0-9aab-74b5241d3e62,True,48f28df6-2eab-490b-acf4-1fc858a43c63,,"[""e0012238-e643-45b0-9aab-74b5241d3e62"",""regions"",294]",,294,regions,,81.0
,48f28df6-2eab-490b-acf4-1fc858a43c63,,,False,,,e0012238-e643-45b0-9aab-74b5241d3e62,True,48f28df6-2eab-490b-acf4-1fc858a43c63,,"[""e0012238-e643-45b0-9aab-74b5241d3e62"",""regions"",295]",,295,regions,,72.0
,48f28df6-2eab-490b-acf4-1fc858a43c63,,,False,,,e0012238-e643-45b0-9aab-74b5241d3e62,True,48f28df6-2eab-490b-acf4-1fc858a43c63,,"[""e0012238-e643-45b0-9aab-74b5241d3e62"",""regions"",296]",,296,regions,,126.0
,48f28df6-2eab-490b-acf4-1fc858a43c63,,,False,,,e0012238-e643-45b0-9aab-74b5241d3e62,True,48f28df6-2eab-490b-acf4-1fc858a43c63,,"[""e0012238-e643-45b0-9aab-74b5241d3e62"",""regions"",297]",,297,regions,,206.0
,48f28df6-2eab-490b-acf4-1fc858a43c63,,,False,,,e0012238-e643-45b0-9aab-74b5241d3e62,True,48f28df6-2eab-490b-acf4-1fc858a43c63,,"[""e0012238-e643-45b0-9aab-74b5241d3e62"",""regions"",298]",,298,regions,,158.0
,48f28df6-2eab-490b-acf4-1fc858a43c63,,,False,,,e0012238-e643-45b0-9aab-74b5241d3e62,True,48f28df6-2eab-490b-acf4-1fc858a43c63,,"[""e0012238-e643-45b0-9aab-74b5241d3e62"",""regions"",299]",,299,regions,,97.0
,48f28df6-2eab-490b-acf4-1fc858a43c63,,,False,,,e0012238-e643-45b0-9aab-74b5241d3e62,True,48f28df6-2eab-490b-acf4-1fc858a43c63,,"[""e0012238-e643-45b0-9aab-74b5241d3e62"",""regions"",300]",,300,regions,,136.0
,48f28df6-2eab-490b-acf4-1fc858a43c63,,,False,,,e0012238-e643-45b0-9aab-74b5241d3e62,True,48f28df6-2eab-490b-acf4-1fc858a43c63,,"[""e0012238-e643-45b0-9aab-74b5241d3e62"",""regions"",301]",,301,regions,,71.0
,48f28df6-2eab-490b-acf4-1fc858a43c63,,,False,,,e0012238-e643-45b0-9aab-74b5241d3e62,True,48f28df6-2eab-490b-acf4-1fc858a43c63,,"[""e0012238-e643-45b0-9aab-74b5241d3e62"",""regions"",302]",,302,regions,,162.0
,48f28df6-2eab-490b-acf4-1fc858a43c63,,,False,,,e0012238-e643-45b0-9aab-74b5241d3e62,True,48f28df6-2eab-490b-acf4-1fc858a43c63,,"[""e0012238-e643-45b0-9aab-74b5241d3e62"",""regions"",303]",,303,regions,,152.0
,48f28df6-2eab-490b-acf4-1fc858a43c63,,,False,,,e0012238-e643-45b0-9aab-74b5241d3e62,True,48f28df6-2eab-490b-acf4-1fc858a43c63,,"[""e0012238-e643-45b0-9aab-74b5241d3e62"",""regions"",304]",,304,regions,,185.0
,48f28df6-2eab-490b-acf4-1fc858a43c63,,,False,,,e0012238-e643-45b0-9aab-74b5241d3e62,True,48f28df6-2eab-490b-acf4-1fc858a43c63,,"[""e0012238-e643-45b0-9aab-74b5241d3e62"",""regions"",305]",,305,regions,,101.0
,48f28df6-2eab-490b-acf4-1fc858a43c63,,,False,,,e0012238-e643-45b0-9aab-74b5241d3e62,True,48f28df6-2eab-490b-acf4-1fc858a43c63,,"[""e0012238-e643-45b0-9aab-74b5241d3e62"",""regions"",306]",,306,regions,,190.0
,48f28df6-2eab-490b-acf4-1fc858a43c63,,,False,,,e0012238-e643-45b0-9aab-74b5241d3e62,True,48f28df6-2eab-490b-acf4-1fc858a43c63,,"[""e0012238-e643-45b0-9aab-74b5241d3e62"",""regions"",307]",,307,regions,,45.0
,48f28df6-2eab-490b-acf4-1fc858a43c63,,,False,,,e0012238-e643-45b0-9aab-74b5241d3e62,True,48f28df6-2eab-490b-acf4-1fc858a43c63,,"[""e0012238-e643-45b0-9aab-74b5241d3e62"",""regions"",308]",,308,regions,,76.0
,48f28df6-2eab-490b-acf4-1fc858a43c63,,,False,,,e0012238-e643-45b0-9aab-74b5241d3e62,True,48f28df6-2eab-490b-acf4-1fc858a43c63,,"[""e0012238-e643-45b0-9aab-74b5241d3e62"",""regions"",309]",,309,regions,,219.0
,48f28df6-2eab-490b-acf4-1fc858a43c63,,,False,,,e0012238-e643-45b0-9aab-74b5241d3e62,True,48f28df6-2eab-490b-acf4-1fc858a43c63,,"[""e0012238-e643-45b0-9aab-74b5241d3e62"",""regions"",310]",,310,regions,,150.0
,48f28df6-2eab-490b-acf4-1fc858a43c63,,,False,,,e0012238-e643-45b0-9aab-74b5241d3e62,True,48f28df6-2eab-490b-acf4-1fc858a43c63,,"[""e0012238-e643-45b0-9aab-74b5241d3e62"",""regions"",311]",,311,regions,,188.0
,48f28df6-2eab-490b-acf4-1fc858a43c63,,,False,,,e0012238-e643-45b0-9aab-74b5241d3e62,True,48f28df6-2eab-490b-acf4-1fc858a43c63,,"[""e0012238-e643-45b0-9aab-74b5241d3e62"",""regions"",312]",,312,regions,,89.0
,48f28df6-2eab-490b-acf4-1fc858a43c63,,,False,,,e0012238-e643-45b0-9aab-74b5241d3e62,True,48f28df6-2eab-490b-acf4-1fc858a43c63,,"[""e0012238-e643-45b0-9aab-74b5241d3e62"",""regions"",313]",,313,regions,,239.0
,48f28df6-2eab-490b-acf4-1fc858a43c63,,,False,,,e0012238-e643-45b0-9aab-74b5241d3e62,True,48f28df6-2eab-490b-acf4-1fc858a43c63,,"[""e0012238-e643-45b0-9aab-74b5241d3e62"",""regions"",314]",,314,regions,,143.0
,48f28df6-2eab-490b-acf4-1fc858a43c63,,,False,,,e0012238-e643-45b0-9aab-74b5241d3e62,True,48f28df6-2eab-490b-acf4-1fc858a43c63,,"[""e0012238-e643-45b0-9aab-74b5241d3e62"",""regions"",315]",,315,regions,,216.0
,48f28df6-2eab-490b-acf4-1fc858a43c63,,,False,,,e0012238-e643-45b0-9aab-74b5241d3e62,True,48f28df6-2eab-490b-acf4-1fc858a43c63,,"[""e0012238-e643-45b0-9aab-74b5241d3e62"",""regions"",316]",,316,regions,,176.0
,48f28df6-2eab-490b-acf4-1fc858a43c63,,,False,,,e0012238-e643-45b0-9aab-74b5241d3e62,True,48f28df6-2eab-490b-acf4-1fc858a43c63,,"[""e0012238-e643-45b0-9aab-74b5241d3e62"",""regions"",317]",,317,regions,,62.0
,48f28df6-2eab-490b-acf4-1fc858a43c63,,,False,,,e0012238-e643-45b0-9aab-74b5241d3e62,True,48f28df6-2eab-490b-acf4-1fc858a43c63,,"[""e0012238-e643-45b0-9aab-74b5241d3e62"",""regions"",318]",,318,regions,,198.0
,48f28df6-2eab-490b-acf4-1fc858a43c63,,,False,,,e0012238-e643-45b0-9aab-74b5241d3e62,True,48f28df6-2eab-490b-acf4-1fc858a43c63,,"[""e0012238-e643-45b0-9aab-74b5241d3e62"",""regions"",319]",,319,regions,,155.0
,48f28df6-2eab-490b-acf4-1fc858a43c63,,,False,,,e0012238-e643-45b0-9aab-74b5241d3e62,True,48f28df6-2eab-490b-acf4-1fc858a43c63,,"[""e0012238-e643-45b0-9aab-74b5241d3e62"",""regions"",320]",,320,regions,,90.0
,48f28df6-2eab-490b-acf4-1fc858a43c63,,,False,,,e0012238-e643-45b0-9aab-74b5241d3e62,True,48f28df6-2eab-490b-acf4-1fc858a43c63,,"[""e0012238-e643-45b0-9aab-74b5241d3e62"",""regions"",321]",,321,regions,,131.0
,48f28df6-2eab-490b-acf4-1fc858a43c63,,,False,,,e0012238-e643-45b0-9aab-74b5241d3e62,True,48f28df6-2eab-490b-acf4-1fc858a43c63,,"[""e0012238-e643-45b0-9aab-74b5241d3e62"",""regions"",322]",,322,regions,,222.0
,48f28df6-2eab-490b-acf4-1fc858a43c63,,,False,,,e0012238-e643-45b0-9aab-74b5241d3e62,True,48f28df6-2eab-490b-acf4-1fc858a43c63,,"[""e0012238-e643-45b0-9aab-74b5241d3e62"",""regions"",323]",,323,regions,,112.0
,48f28df6-2eab-490b-acf4-1fc858a43c63,,,False,,,e0012238-e643-45b0-9aab-74b5241d3e62,True,48f28df6-2eab-490b-acf4-1fc858a43c63,,"[""e0012238-e643-45b0-9aab-74b5241d3e62"",""regions"",324]",,324,regions,,118.0
,48f28df6-2eab-490b-acf4-1fc858a43c63,,,False,,,e0012238-e643-45b0-9aab-74b5241d3e62,True,48f28df6-2eab-490b-acf4-1fc858a43c63,,"[""e0012238-e643-45b0-9aab-74b5241d3e62"",""regions"",325]",,325,regions,,78.0
,48f28df6-2eab-490b-acf4-1fc858a43c63,,,False,,,e0012238-e643-45b0-9aab-74b5241d3e62,True,48f28df6-2eab-490b-acf4-1fc858a43c63,,"[""e0012238-e643-45b0-9aab-74b5241d3e62"",""regions"",326]",,326,regions,,96.0
,48f28df6-2eab-490b-acf4-1fc858a43c63,,,False,,,e0012238-e643-45b0-9aab-74b5241d3e62,True,48f28df6-2eab-490b-acf4-1fc858a43c63,,"[""e0012238-e643-45b0-9aab-74b5241d3e62"",""regions"",327]",,327,regions,,82.0
,48f28df6-2eab-490b-acf4-1fc858a43c63,,,False,,,e0012238-e643-45b0-9aab-74b5241d3e62,True,48f28df6-2eab-490b-acf4-1fc858a43c63,,"[""e0012238-e643-45b0-9aab-74b5241d3e62"",""regions"",328]",,328,regions,,168.0
,48f28df6-2eab-490b-acf4-1fc858a43c63,,,False,,,e0012238-e643-45b0-9aab-74b5241d3e62,True,48f28df6-2eab-490b-acf4-1fc858a43c63,,"[""e0012238-e643-45b0-9aab-74b5241d3e62"",""regions"",329]",,329,regions,,122.0
,48f28df6-2eab-490b-acf4-1fc858a43c63,,,False,,,e0012238-e643-45b0-9aab-74b5241d3e62,True,48f28df6-2eab-490b-acf4-1fc858a43c63,,"[""e0012238-e643-45b0-9aab-74b5241d3e62"",""regions"",330]",,330,regions,,209.0
,48f28df6-2eab-490b-acf4-1fc858a43c63,,,False,,,e0012238-e643-45b0-9aab-74b5241d3e62,True,48f28df6-2eab-490b-acf4-1fc858a43c63,,"[""e0012238-e643-45b0-9aab-74b5241d3e62"",""regions"",331]",,331,regions,,131.0
,48f28df6-2eab-490b-acf4-1fc858a43c63,,,False,,,e0012238-e643-45b0-9aab-74b5241d3e62,True,48f28df6-2eab-490b-acf4-1fc858a43c63,,"[""e0012238-e643-45b0-9aab-74b5241d3e62"",""regions"",332]",,332,regions,,95.0
,48f28df6-2eab-490b-acf4-1fc858a43c63,,,False,,,e0012238-e643-45b0-9aab-74b5241d3e62,True,48f28df6-2eab-490b-acf4-1fc858a43c63,,"[""e0012238-e643-45b0-9aab-74b5241d3e62"",""regions"",333]",,333,regions,,128.0
,48f28df6-2eab-490b-acf4-1fc858a43c63,,,False,,,e0012238-e643-45b0-9aab-74b5241d3e62,True,48f28df6-2eab-490b-acf4-1fc858a43c63,,"[""e0012238-e643-45b0-9aab-74b5241d3e62"",""regions"",334]",,334,regions,,67.0
,48f28df6-2eab-490b-acf4-1fc858a43c63,,,False,,,e0012238-e643-45b0-9aab-74b5241d3e62,True,48f28df6-2eab-490b-acf4-1fc858a43c63,,"[""e0012238-e643-45b0-9aab-74b5241d3e62"",""regions"",335]",,335,regions,,46.0
,48f28df6-2eab-490b-acf4-1fc858a43c63,,,False,,,e0012238-e643-45b0-9aab-74b5241d3e62,True,48f28df6-2eab-490b-acf4-1fc858a43c63,,"[""e0012238-e643-45b0-9aab-74b5241d3e62"",""regions"",336]",,336,regions,,63.0
,48f28df6-2eab-490b-acf4-1fc858a43c63,,,False,,,e0012238-e643-45b0-9aab-74b5241d3e62,True,48f28df6-2eab-490b-acf4-1fc858a43c63,,"[""e0012238-e643-45b0-9aab-74b5241d3e62"",""regions"",337]",,337,regions,,55.0
,48f28df6-2eab-490b-acf4-1fc858a43c63,,,False,,,e0012238-e643-45b0-9aab-74b5241d3e62,True,48f28df6-2eab-490b-acf4-1fc858a43c63,,"[""e0012238-e643-45b0-9aab-74b5241d3e62"",""regions"",338]",,338,regions,,90.0
,48f28df6-2eab-490b-acf4-1fc858a43c63,,,False,,,e0012238-e643-45b0-9aab-74b5241d3e62,True,48f28df6-2eab-490b-acf4-1fc858a43c63,,"[""e0012238-e643-45b0-9aab-74b5241d3e62"",""regions"",339]",,339,regions,,73.0
,48f28df6-2eab-490b-acf4-1fc858a43c63,,,False,,,e0012238-e643-45b0-9aab-74b5241d3e62,True,48f28df6-2eab-490b-acf4-1fc858a43c63,,"[""e0012238-e643-45b0-9aab-74b5241d3e62"",""regions"",340]",,340,regions,,48.0
,48f28df6-2eab-490b-acf4-1fc858a43c63,,,False,,,e0012238-e643-45b0-9aab-74b5241d3e62,True,48f28df6-2eab-490b-acf4-1fc858a43c63,,"[""e0012238-e643-45b0-9aab-74b5241d3e62"",""regions"",341]",,341,regions,,41.0
,48f28df6-2eab-490b-acf4-1fc858a43c63,,,False,,,e0012238-e643-45b0-9aab-74b5241d3e62,True,48f28df6-2eab-490b-acf4-1fc858a43c63,,"[""e0012238-e643-45b0-9aab-74b5241d3e62"",""regions"",342]",,342,regions,,96.0
,48f28df6-2eab-490b-acf4-1fc858a43c63,,,False,,,e0012238-e643-45b0-9aab-74b5241d3e62,True,48f28df6-2eab-490b-acf4-1fc858a43c63,,"[""e0012238-e643-45b0-9aab-74b5241d3e62"",""regions"",343]",,343,regions,,146.0
,48f28df6-2eab-490b-acf4-1fc858a43c63,,,False,,,e0012238-e643-45b0-9aab-74b5241d3e62,True,48f28df6-2eab-490b-acf4-1fc858a43c63,,"[""e0012238-e643-45b0-9aab-74b5241d3e62"",""regions"",344]",,344,regions,,62.0
,48f28df6-2eab-490b-acf4-1fc858a43c63,,,False,,,e0012238-e643-45b0-9aab-74b5241d3e62,True,48f28df6-2eab-490b-acf4-1fc858a43c63,,"[""e0012238-e643-45b0-9aab-74b5241d3e62"",""regions"",345]",,345,regions,,31.0
,48f28df6-2eab-490b-acf4-1fc858a43c63,,,False,,,e0012238-e643-45b0-9aab-74b5241d3e62,True,48f28df6-2eab-490b-acf4-1fc858a43c63,,"[""e0012238-e643-45b0-9aab-74b5241d3e62"",""regions"",346]",,346,regions,,119.0
,48f28df6-2eab-490b-acf4-1fc858a43c63,,,False,,,e0012238-e643-45b0-9aab-74b5241d3e62,True,48f28df6-2eab-490b-acf4-1fc858a43c63,,"[""e0012238-e643-45b0-9aab-74b5241d3e62"",""regions"",347]",,347,regions,,38.0
,48f28df6-2eab-490b-acf4-1fc858a43c63,,,False,,,e0012238-e643-45b0-9aab-74b5241d3e62,True,48f28df6-2eab-490b-acf4-1fc858a43c63,,"[""e0012238-e643-45b0-9aab-74b5241d3e62"",""regions"",348]",,348,regions,,30.0
,48f28df6-2eab-490b-acf4-1fc858a43c63,,,False,,,e0012238-e643-45b0-9aab-74b5241d3e62,True,48f28df6-2eab-490b-acf4-1fc858a43c63,,"[""e0012238-e643-45b0-9aab-74b5241d3e62"",""regions"",349]",,349,regions,,25.0
,48f28df6-2eab-490b-acf4-1fc858a43c63,,,False,,,e0012238-e643-45b0-9aab-74b5241d3e62,True,48f28df6-2eab-490b-acf4-1fc858a43c63,,"[""e0012238-e643-45b0-9aab-74b5241d3e62"",""regions"",350]",,350,regions,,113.0
